Population ID;Voucher Number;Herbarium;Individuals;Taxon;Nr. of Individuals Sampled;Collected;Country;State or Province;USA County;Location Description;Elevation (m);Latitude;Longitude;Ecology;Major Associated Woody Plant Genera;Abundance and Form;Population Size Estimate;MAT;MWMT;MCMT;TD;MAP;MSP;AHM;SHM;DD_0;DD5;DD_18;DD18;NFFD;bFFP;eFFP;FFP;EMT;EXT;Eref;CMD;RH;OM;P1;P2;BICARB;K;MG;CA;NA;PH;CEC;PERCENT_K;PERCENT_MG;PERCENT_CA;PERCENT_NA;SOL_SALTS
ANN_01;1794;IND;ANN0801-0810;Helianthus annuus;30;30. Aug 15;United States;California;Yolo;Yolo Bypass, N of Interstate 80;6;38,56535;-121,63765;Grassland on flat, with deep soil derived from alluvium;Populus, Scirpus, and Salix.;Abundant. Annual herb, up to 1.5 m tall.;10.000;16;24,3;7,2;17,2;461;22;56,5;1120,9;28;4074;1484;743;340;50;340;290;-11,8;43,5;1331;1029;56;4,1;45;91;0;342;1288;2541;253;7;25,4;3,5;42,3;49,9;4,3;1
ANN_02;1796;IND;ANN0811-0820;Helianthus annuus;29;31. Aug 15;United States;California;San Benito;Panoche Creek, roadside on Panoche Road, E of Panoche;295;36,59499;-120,75822;Wetland on banks of perennial watercourse, with deep soil derived from alluvial parent material;Salix, Typha, and Atriplex.;Infrequent. Annual herb, up to 3.0 m tall.;100;15,7;24,9;7,4;17,4;220;17;116,8;1461,4;28;3964;1569;722;315;83;325;242;-16,1;43,8;1452;1231;50;0,4;7;60;9;182;594;3442;1257;8,5;28,1;1,7;17,6;61,3;19,4;3,4
ANN_03;1797;IND;ANN0821-0830;Helianthus annuus;31;31. Aug 15;United States;California;Fresno;Anticline Ridge, roadside on Shell Road, just W of intersection with California State Route 33;295;36,24542;-120,31654;Shrubland on bottom of SE-trending ravine, with deep soil derived from alluvium;Salsola and Atriplex.;Abundant. Annual herb, up to 2.0 m tall.;2000;16,6;26,5;7,3;19,3;217;16;122,2;1672,4;28;4259;1481;934;328;68;330;263;-14;44,2;1452;1239;53;4;27;136;0;562;433;4155;249;8,1;26,9;5,4;13,4;77,2;4;0,5
ANN_04;1798;IND;ANN0831-0840;Helianthus annuus;30;01. Sep 15;United States;California;Ventura;Lockwood Valley, roadside on Lockwood Valley Road;1560;34,75087;-119,07235;Herbaceous plant community on bottom of drying vernal pool, with deep soil derived from alluvium and other sediment;Ericameria and Artemisia.;Abundant. Annual herb, up to 1.0 m tall.;1.000;10,5;19,8;3,2;16,6;564;32;36,3;622,3;108;2292;2925;190;208;150;273;124;-26,1;41,2;1296;951;45;1,7;22;178;26;718;1135;5822;71;7,9;40,7;4,5;23,2;71,5;0,8;0,6
ANN_05;1799;IND;ANN0841-0850;Helianthus annuus;30;01. Sep 15;United States;California;Riverside;Coachella Valley, W of Harrison Street and NE of Old California 86;-14;33,69278;-116,18411;Fallow agricultural field, with deep soil derived from alluvium;Salsola, Datura, and Ricinus.;Abundant. Annual herb, up to 3.0 m tall.;1.000;22,4;33;12,2;20,8;78;24;415,4;1404,4;7;6335;627;2204;349;42;343;301;-10;49;1801;1724;50;1;51;150;0;264;318;2435;574;7,7;18;3,8;14,7;67,6;13,9;2,4
ANN_06;1800;IND;ANN0851-0860;Helianthus annuus;29;02. Sep 15;United States;California;San Bernardino;Cajon Canyon, roadside on Cajon Boulevard;738;34,24976;-117,45148;Chaparral and woodland on N-facing slope, with shallow, rocky soil derived from granite parent material;Eriogonum, Artemisia, Prunus, Juglans, and Platanus.;Abundant. Annual herb, up to 2.5 m tall.;10.000;16,4;24,7;10;14,7;664;56;39,8;443;17;4182;1337;730;346;45;350;305;-8,7;43,7;1370;938;57;1,9;16;132;13;67;232;2892;75;7,6;16,9;1;11,4;85,7;1,9;0,3
ANN_07;1802;IND;ANN0861-0870;Helianthus annuus;26;11. Sep 15;United States;California;Alpine;Luther Pass, roadside on California State Route 89;2330;38,7892;-119,9363;Forest and disturbed roadside vegetation, with deep soil from granite parent material;Pinus, Juniperus, Arctostaphylos, Purshia, Ceanothus, and Abies;Locally abundant. Annual herb, up to 0.5 m tall.;100;4,7;14,4;-2,9;17,3;1051;158;14;91,2;501;1084;4859;18;142;186;255;69;-33,1;33,8;724;416;55;1,1;8;115;0;69;83;773;172;7,5;5,5;3,2;12,6;70,6;13,6;0,1
ANN_08;1803;IND;ANN0871-0880;Helianthus annuus;27;11. Sep 15;United States;California;Alpine;East Fork Carson River Canyon, roadside on California State Route 89;1710;38,67722;-119,73895;Woodland on steep, S-facing slope, with rocky soil derived from conglomerate parent material;Pinus, Artemisia, Purshia, and Ericameria.;Locally abundant. Annual herb, up to 1.0 m tall.;2000;7,8;18,4;-0,8;19,2;634;106;28;172,9;273;1748;3815;101;167;165;256;91;-31,3;38,6;1021;710;48;1,3;19;135;16;447;937;6219;56;7,6;40,3;2,8;19,4;77,2;0,6;1,4
ANN_09;1804;IND;ANN0881-0890;Helianthus annuus;29;11. Sep 15;United States;California;Inyo;Fish Slough, at intersection of Fish Slough Road and Upper Canal Road;1270;37,43321;-118,40646;Riparian shrubland on banks of perennial stream;Ericameria, Typha, Helianthus, and Populus.;Locally abundant. Annual herb, up to 1.5 m tall.;1.000;13,5;24,9;3,3;21,7;120;24;196,1;1022,2;84;3323;2284;640;227;118;282;164;-28,2;44,5;1475;1354;40;2,7;14;53;10;324;90;2057;862;7,7;15,6;5,3;4,8;65,9;24;1,8
ANN_10;1805;IND;ANN0891-0900;Helianthus annuus;30;12. Sep 15;United States;California;Inyo;Lone Pine, East side, roadside on California State Route 168, W of Owens River;1205;37,17346;-118,27904;Grassland on flat, with deep soil;Ericameria, Salix, Rosa, and Salsola.;Locally abundant. Annual herb, up to 1.5 m tall.;10.000;14,3;26;3,9;22,1;133;27;183;979,9;70;3566;2113;758;249;113;292;179;-25,8;44,3;1460;1326;44;3;5;64;16;484;278;2925;211;8,3;19,1;6,5;12,1;76,6;4,8;0,4
ANN_11;1806;IND;ANN0901-0910;Helianthus annuus;28;12. Sep 15;United States;Arizona;Mohave;E of Kingman, roadside on U.S. Route 40;1030;35,19566;-114,06666;Shrubland and grassland on roadside, with deep soil from limestone, caliche, and sedimentary parent material;Encelia, Eriogonum, and Salsola;Locally abundant. Annual herb, up to 2.0 m tall.;1.000;16,5;28,3;6,1;22,1;267;99;99,5;285,7;39;4278;1645;1094;305;89;318;229;-17,5;43,4;1425;1159;54;2,1;9;48;6;575;566;3571;72;8,4;24,4;6;19,3;73,4;1,3;0,3
ANN_12;1807;IND;ANN0911-0920;Helianthus annuus;25;13. Sep 15;United States;Arizona;Coconino;Williams area, roadside on Forest Road 51A;2115;35,2533;-112,13355;Grassland on flat near roadside, with deep soil;Ambrosia, Pinus, and Verbascum.;Locally abundant. Annual herb, up to 0.5 m tall.;1.000;8,3;19,5;-1,8;21,3;536;223;34,2;87,6;301;1967;3675;152;170;161;270;108;-34,7;36,5;1104;670;45;2,2;23;106;0;265;632;3096;65;7,2;21,7;3,1;24,3;71,3;1,3;0,4
ANN_13;1811;IND;ANN0921-0930;Helianthus annuus;10;13. Sep 15;United States;Arizona;Yavapi;Verde River, vicinity of Deadhorse Lake;1005;34,75056;-112,01697;Riparian forest and wetland, with deep soil from alluvium;Populus, Salix, Baccharis, Typha, and Xanthium.;Locally abundant. Annual herb, up to 2.0 m tall.;100;16,4;28,1;5,8;22,3;328;158;80,3;178,4;42;4225;1684;1073;277;102;307;206;-21,9;43,1;1557;1229;47;1,8;3;35;12;210;488;3217;43;8;20,9;2,6;19,5;77;0,9;0,4
ANN_14;1813;IND;ANN0931-0940;Helianthus annuus;28;14. Sep 15;United States;Arizona;Coconino;Tuba City area, roadside on State Route 160 just W of Tuba City;1410;36,1086;-111,24184;Disturbed, weedy roadside vegetation on flat, with deep soil from sedimentary parent material;Salsola, Sphaeralcea, and Populus.;Locally abundant. Annual herb, up to 2.0 m tall.;200;13,2;26,3;0;26,3;158;70;146,6;376,1;157;3381;2533;767;240;113;295;182;-29;42,1;1319;1174;50;0,2;1;21;3;148;253;2658;507;9,3;18;2,1;11,7;74;12,2;0,3
ANN_15;1815;IND;ANN0941-0950;Helianthus annuus;30;14. Sep 15;United States;Arizona;Navajo;Winslow, W side, roadside on W Winslow Industrial Spur, near exit 252 on U.S. Route 40;1515;35,03852;-110,7351;Weedy vacant lot and roadside ditch, with deep soil from sandstone;Salsola and Grindelia.;Locally abundant. Annual herb, up to 2.0 m tall.;10.000;12,6;25,5;-0,5;26;201;106;112,4;241,5;175;3213;2648;676;228;120;293;173;-30,7;41,3;1334;1143;48;1,6;3;69;15;686;245;3771;57;8,1;22,9;7,7;8,9;82,3;1,1;0,4
ANN_16;1817;IND;ANN0951-0960;Helianthus annuus;30;15. Sep 15;United States;New Mexico;McKinley;Thoreau, S side, roadside frontage road (New Mexico 122) along U.S. Route 40;2180;35,40041;-108,23557;Grassland and shrubland on flat, with deep soil from sedimentary parent material;Artemisia, Grindelia, and Atriplex.;Locally abundant. Annual herb, up to 2.0 m tall.;10.000;8,3;20,2;-3,1;23,2;327;170;55,9;118,4;366;2056;3726;193;172;154;271;117;-36,7;36,9;1067;808;45;1,2;6;56;6;446;527;7278;198;8,3;42,8;2,7;10,3;85;2;0,6
ANN_17;1818;IND;ANN0961-0970;Helianthus annuus;29;15. Sep 15;United States;New Mexico;Cibola;Mount Taylor, W slope, roadside on New Mexico State Route 547;2425;35,24503;-107,68594;Woodland and grassland in E-W trending ravine on a W-facing slope, with rocky soil from volcanic parent material;Pinus, Juniperus, and Atriplex.;Infrequent. Annual herb, up to 2.5 m tall.;100;8,4;19,3;-2;21,3;327;195;56,2;99,1;314;2008;3655;155;190;146;274;128;-32,7;35,9;1006;727;51;4,9;32;58;0;418;319;2925;36;6,7;18,5;5,8;14,4;79;0,8;0,4
ANN_18;1820;IND;ANN0971-0980;Helianthus annuus;30;16. Sep 15;United States;New Mexico;Harding;Canadian River watershed, SW of Mills, roadside on Mills Canyon Road;1810;36,07308;-104,28873;Grassland on gentle, S-facing slope near bottom of ravine, w deep soil from sedimentary parent material;Grindelia, Artemisia, and Salsola.;Abundant. Annual herb, up to 2.0 m tall.;1.000;10,7;22,1;-0,5;22,7;391;288;52,9;76,9;207;2712;3019;381;202;128;282;154;-33,1;38,9;1200;816;47;2,6;1;23;13;454;214;4442;33;8;25,3;4,6;7;87,8;0,6;0,5
ANN_19;1822;IND;ANN0981-0990;Helianthus annuus;28;16. Sep 15;United States;New Mexico;Colfax;Capulin area, roadside on A-18, SW of Capulin;2090;36,7268;-104,01913;Grassland on flat, with deep soil from volcanic parent material;Salsola, Chenopodium, and Solanum.;Locally abundant. Annual herb, up to 2.0 m tall.;1.000;8,9;20,1;-1,5;21,6;415;321;45,6;62,7;280;2226;3501;210;182;141;273;132;-35,1;37,3;1071;675;47;2,9;27;69;0;698;203;4154;19;7,7;24,3;7,4;7;85,3;0,3;0,6
ANN_20;1827;IND;ANN0991-1000;Helianthus annuus;24;17. Sep 15;United States;Colorado;Montrose;Cerro Summit, E side, roadside on U.S. Route 50;2390;38,44366;-107,62928;Grassland on S-facing slope and roadside ditch, with deep soil from volcanic parent material;Artemisia and Ericameria.;Locally abundant. Annual herb, up to 1.5 m tall.;1.000;6,2;18,6;-5,3;23,8;406;176;40;105,3;578;1665;4380;100;166;154;263;109;-37,4;36,4;844;561;51;3,6;122;180;0;188;668;1842;124;7,7;15,8;3,1;35,2;58,3;3,4;0,4
ANN_21;1828;IND;ANN1001-1010;Helianthus annuus;30;17. Sep 15;United States;Colorado;Mesa;Smith Ditch, roadside on U.S. Route 50, SE of Grand Junction;1525;38,91004;-108,3738;Banks of operating irrigation canal, with deep soil from sedimentary parent material;Atriplex, Populus, Ericameria, and Xanthium.;Locally abundant. Annual herb, up to 3.0 m tall.;100;10,7;24,5;-3,9;28,5;257;110;80,4;223,1;341;2898;3194;523;220;117;285;167;-33,7;40,6;1121;896;52;2,2;19;41;24;478;666;4668;120;7,9;30,6;4;18,1;76,2;1,7;1
ANN_22;1829;IND;ANN1011-1020;Helianthus annuus;30;17. Sep 15;United States;Colorado;Mesa;Gunnison River Canyon, roadside on U.S. Route 50;1460;39,00672;-108,46384;Shrubland in shallow ravine bottom and slopes, with rocky soil derived from sedimentary parent material;Chenopodium, Opuntia, Salsola, Asclepias, and Tamarix.;Locally abundant. Annual herb, up to 2.0 m tall.;1.000;11,1;25,2;-3,8;29;222;99;95,3;255,6;323;3032;3096;590;225;114;286;171;-33,2;41,2;1138;942;52;0,8;2;4;5;310;207;18920;551;7,8;99;0,8;1,7;95,1;2,4;3,8
ANN_23;1830;IND;ANN1021-1030;Helianthus annuus;27;18. Sep 15;United States;Nevada;Eureka;Emmigrant Pass, E end, S of Mary's Mountain, roadside on U.S. Route 80;1790;40,66257;-116,23876;Grassland and disturbed roadside vegetation on S-facing slope, with deep soil from conglomerate parent material;Salsola and Ericameria.;Locally abundant. Annual herb, up to 1.5 m tall.;100;8,7;22,2;-2,6;24,8;291;106;64,3;209,3;345;2182;3681;297;202;142;279;137;-31,1;39,6;924;713;57;1,4;22;85;0;203;131;1667;332;8,5;11,4;4,6;9,6;73,1;12,7;0,4
ANN_24;1831;IND;ANN1031-1040;Helianthus annuus;31;18. Sep 15;United States;Nevada;Washoe;Truckee River Canyon, roadside on U.S. Route 80;1540;39,48892;-119,99511;Grassland and disturbed roadside vegetation, with deep soil from granite parent material;Pinus, Purshia, Artemisia, Ericameria, and Cercocarpus.;Locally abundant. Annual herb, up to 1.5 m tall.;200;8,4;19,4;-1;20,4;479;80;38,5;240,9;264;1938;3630;145;178;159;263;104;-31,3;39,2;1050;801;48;2,5;23;104;0;187;233;2068;146;7,1;13,4;3,6;14,5;77,2;4,7;0,2
ANN_25;1838;IND;ANN1041-1050;Helianthus annuus;29;03. Oct 15;United States;Nevada;Clark;Mesquite, roadside on Hafen Lane;480;36,79654;-114,09841;Disturbed shrubland on gentle, S-facing slope, with deep soil derived from sandstone parent material;Salsola;Locally abundant. Annual herb, up to 2.5 m tall.;100;18,4;31,3;6,5;24,8;153;57;185,9;553,2;33;4954;1426;1564;296;89;312;223;-20,1;48,8;1639;1486;46;0,2;1;17;5;153;163;2186;62;8,5;13;3;10,4;84,5;2,1;0,3
ANN_26;1839;IND;ANN1051-1060;Helianthus annuus;30;03. Oct 15;United States;Utah;Washington;Washington, roadside on West Buena Vista Boulevard, between Buena Vista Boulevard and Interstate 15;875;37,13733;-113,51348;Distrubed grassland and woodland on flat near small reservior;Populus, Atriplex, Salix, Rumex, and Salsola.;Locally abundant. Annual herb, up to 3.0 m tall.;1.000;16,3;29,3;4,2;25,1;203;65;129,5;449,6;59;4253;1822;1191;280;99;305;206;-22,8;45,4;1472;1269;50;0,6;25;71;7;451;754;3588;632;8,8;28,1;4,1;22,4;63,7;9,8;4
ANN_27;1841;IND;ANN1061-1070;Helianthus annuus;30;03. Oct 15;United States;Utah;Kane;Three Lakes Canyon, roadside on U.S. Route 89, N of Kanab;1660;37,13137;-112,56561;Woodland and weedy roadside on flat, with deep soil derived from sandstone parent material;Populus, Salix, Lotus, Juniperus, and Quercus.;Locally abundant. Annual herb, up to 2.0 m tall.;1.000;10,7;22,9;-0,5;23,4;375;130;55,1;175,8;208;2614;3060;397;207;135;282;147;-31,3;40,2;1203;870;48;1,7;31;35;0;68;231;1933;46;8,2;12;1,5;16;80,8;1,7;0,2
ANN_28;1843;IND;ANN1071-1080;Helianthus annuus;30;04. Oct 15;United States;Utah;Beaver;Roadside on Interstate 15, just S of Beaver;1840;38,21652;-112,64767;Grassland on flat and roadside ditch, with deep soil from volcanic parent material;Ericameria, Artemisia, and Grindelia.;Locally abundant. Annual herb, up to 1.0 m tall.;1.000;8,8;21,5;-2,7;24,2;314;137;59,8;157,6;341;2208;3613;273;182;144;271;127;-34,9;39,7;1048;800;47;1,7;24;122;0;800;158;1669;900;8,6;15,6;13,1;8,4;53,4;25,1;0,5
ANN_29;1844;IND;ANN1081-1090;Helianthus annuus;30;04. Oct 15;United States;Utah;Millard;Roadside on U.S. Route 6, N of Lynndyl;1465;39,55006;-112,35661;Shrubland in roadside ditch, with deep, sandy soil;Ericameria, Artemisia, Asclepias, and Salsola.;Locally abundant. Annual herb, up to 1.5 m tall.;1.000;9,8;24,1;-3,8;27,9;254;106;77,8;227,8;370;2570;3443;451;193;133;273;140;-34,9;41,7;1114;913;47;1;2;61;16;453;448;2347;224;8,3;17,6;6,6;21,2;66,7;5,5;0,4
ANN_30;1845;IND;ANN1091-1100;Helianthus annuus;30;04. Oct 15;United States;Utah;Juab;Jericho Junction, near Jericho, at intersection of U.S. Route 6 and unnamed road to Little Sahara Recreation Area;1590;39,7148;-112,20662;Grassland on gentle, W-facing slope, with deep, sandy soil;Ericameria and Salsola.;Abundant. Annual herb, up to 1.0 m tall.;10.000;9;23,2;-4;27,3;288;117;66,1;198,1;405;2374;3634;370;188;139;272;133;-35,4;40,8;1061;834;48;0,9;23;118;13;547;213;2795;34;8,4;17,3;8,1;10,3;80,7;0,9;0,2
ANN_31;1846;IND;ANN1101-1110;Helianthus annuus;30;04. Oct 15;United States;Utah;Utah;Utah Lake area, City of Springville, S of Hobble Creek, near intersection of N2250W and W800N;1380;40,1781;-111,65071;Herbaceous vegetation in recently graded vacant lot, with very rocky soil;Salsola, Chenopodium, and Polygonum.;Abundant. Annual herb, up to 2.0 m tall.;10.000;10,3;24;-3;26,9;443;157;45,9;152,2;308;2670;3240;458;220;121;281;160;-31,2;41,5;1090;735;53;1,1;5;6;17;373;279;2540;70;8,1;16,3;5,9;14,3;77,9;1,9;0,4
ANN_32;1847;IND;ANN1111-1120;Helianthus annuus;30;05. Oct 15;United States;Utah;Box Elder;Perry, near intersection of Highway 91 and Interstate 15, S of U.S. Route 91;1295;41,48524;-112,0556;Grassland on flat, with deep soil derived from alluvium;Ericameria, Grindelia, Salsola, and Tamarix.;Abundant. Annual herb, up to 1.5 m tall.;1.000;9,6;23,8;-4,3;28,1;518;175;37,8;136;398;2617;3487;442;215;121;280;159;-32,5;41;992;631;55;4,2;34;164;0;846;500;2337;1475;7,9;24,4;8,9;17,1;47,7;26,3;2,8
ANN_33;1848;IND;ANN1121-1130;Helianthus annuus;30;05. Oct 15;United States;Utah;Salt Lake;Lee Creek area, roadside on North Temple Frontage Road (US Route 80 frontage road), SE shore of Great Salt Lake;1295;40,77115;-112,15004;Grassland on flat, with deep soil derived from sediment;Ericameria, Salsola, and Grindelia.;Abundant. Annual herb, up to 2.0 m tall.;1.000;10,9;25,3;-2,1;27,5;365;141;57,4;179,4;270;2818;3129;565;240;109;290;181;-28,5;41,2;999;682;61;1,3;1;2;8;174;180;2152;97;8,4;13,1;3,4;11,5;81,9;3,2;0,2
ANN_34;1849;IND;ANN1131-1140;Helianthus annuus;30;05. Oct 15;United States;Utah;Tooele;Lake Point, interchange at intersection of U.S. Route 80 and Utah State Route 36;1295;40,69149;-112,26423;Grassland on flat, with deep soil derived from sediment;Salsola and Apocynum.;Abundant. Annual herb, up to 1.5 m tall.;1.000;10,8;25,2;-2,1;27,2;434;162;48;155,4;269;2778;3157;550;238;111;290;179;-28,6;41,1;994;624;60;4,7;15;100;14;717;345;3253;264;7,9;22,1;8,3;13;73,5;5,2;0,9
ANN_35;1851;IND;ANN1141-1150;Helianthus annuus;35;11. Oct 15;United States;Utah;Uintah;Vernal area, E of Steinaker Reservoir, roadside on unnamed road N of 500 E Street and E of Utah State Route 191;1670;40,51274;-109,51947;Grassland on gentle, S-facing slope, with deep soil derived from sedimentary parent material;Ericameria, Salsola, and Juniperus.;Abundant. Annual herb, up to 2.0 m tall.;1.000;7,5;22,2;-8,4;30,7;220;100;79,6;222,9;713;2297;4105;304;179;137;267;130;-39,8;40,4;1030;847;46;2,3;8;93;28;312;202;3162;77;8,1;18,6;4,3;9,1;84,8;1,8;0,5
ANN_36;1852;IND;ANN1151-1160;Helianthus annuus;30;12. Oct 15;United States;Wyoming;Carbon;Roadside on U.S. Route 80, W of Rawlins;2040;41,77426;-107,45885;Grassland and shrubland on in roadside ditch and swale;Polygonum.;Abundant. Annual herb, up to 1.0 m tall.;1.000;5,5;19,4;-7;26,4;239;121;64,7;160;776;1703;4667;129;154;160;255;95;-38,7;37,4;822;655;50;1,6;24;77;21;559;590;3283;299;8,1;24,1;5,9;20,4;68,3;5,4;1
ANN_37;1854;IND;ANN1161-1170;Helianthus annuus;30;13. Oct 15;United States;Colorado;Larimer;Loveland area, roadside on South Shields Street, just S of intersection with Truxtun Drive;1550;40,48679;-105,09619;Grassland on gentle, E-sloping side of drainage, with deep soil derived from sedimentary parent material;Typha, Asclepias, Rumex, Ericameria, and Helianthus.;Abundant. Annual herb, up to 1.5 m tall.;10.000;8,7;21,6;-3,3;24,8;373;214;50,1;100,9;384;2313;3654;289;189;131;270;139;-36,2;39,3;979;643;48;3,9;40;71;35;479;1271;3528;822;7,8;33;3,7;32,1;53,4;10,8;4
ANN_38;1861;IND;ANN1171-1180;Helianthus annuus;27;15. Oct 15;United States;Kansas;Barton;Cheyenne Bottoms, intersection of Cheyenne Bottoms Road and K-156;555;38,44118;-98,63231;Wetland in slough and adjacent grassland, with deep soil derived from sediment;Solidago, Rumex, Typha, and Xanthium.;Abundant. Annual herb, up to 2.0 m tall.;1.000;13;27,1;-1,4;28,5;635;403;36,3;67,2;222;3558;2686;898;226;108;292;185;-29,6;43,6;1155;533;56;6,6;71;131;0;820;530;3817;252;6,6;28,4;7,4;15,6;67,2;3,9;1,1
ANN_39;1864;IND;ANN1181-1190;Helianthus annuus;30;16. Oct 15;United States;Kansas;Sumner;Norwich area, roadside on SE 130 Street, at intersection with SE 110 Avenue, E of Norwich;445;37,45911;-97,9179;Grassland and riparian forest in flat and in roadside ditch;Helianthus, Apocynum, Celtis, Salix, Solidago, and Typha.;Infrequent. Annual herb, up to 3.5 m tall.;150;14;27,6;-0,3;27,9;717;435;33,5;63,6;169;3801;2440;1006;231;105;296;192;-27,6;44,3;1189;489;58;4,5;32;61;0;289;436;3465;77;7,3;22;3,4;16,5;78,6;1,5;0,3
ANN_40;1866;IND;ANN1191-1200;Helianthus annuus;29;16. Oct 15;United States;Kansas;Barber;Gypsum Hills, Cedar Creek watershed, roadside on Gypsum Hill Road;555;37,23327;-98,66459;Grassland on gentle, W-facing slope and roadside, with deep soil derived from sedimentary parent material, including gypsum;Juniperus, Celtis, Artemisia, and Andropogon.;Infrequent. Annual herb, up to 1.5 m tall.;50;13,9;27,6;-0,1;27,7;653;402;36,7;68,6;166;3774;2449;993;229;107;294;187;-28,8;44,6;1239;600;54;4,6;17;65;0;360;225;3457;22;6,6;21,5;4,3;8,7;80,4;0,4;1
ANN_41;1871;IND;ANN1201-1210;Helianthus annuus;30;17. Oct 15;United States;Oklahoma;Alfalfa;Salt Plains, roadside on Oklahoma State Highway 11;355;36,80874;-98,22242;Herbaceous vegetation on alluvial flat between river courses, with deep soil derived from alluvium;Polygonum, Tamarix, and Sorghum.;Abundant. Annual herb, up to 4.5 m tall.;100.000;15;28,5;0,9;27,6;703;413;35,5;69;127;4059;2218;1139;237;102;298;196;-26,6;45,3;1280;577;57;2,7;30;91;0;559;473;4876;127;7,8;30,3;4,7;13;80,5;1,8;0,7
ANN_42;1875;IND;ANN1211-1220;Helianthus annuus;30;19. Oct 15;United States;Texas;Tarrant;Haslet area, roadside on Fossil Springs Drive, near intersection with West Bonds Ranch Road;235;32,92224;-97,36547;Grassland on flat, with deep soil;Salsola, Xanthium, and Sorghum.;Abundant. Annual herb, up to 2.0 m tall.;10.000;18,3;29,3;6,3;23;863;407;32,8;72;31;4983;1348;1478;302;80;320;240;-18,5;44,7;1389;528;62;5,1;5;21;9;492;313;7398;37;7,6;41;3,1;6,4;90,1;0,4;0,8
ANN_43;1876;IND;ANN1221-1230;Helianthus annuus subsp. texanus;30;20. Oct 15;United States;Texas;Caldwell;Roadside on Texas State Highway 183, N of Luling;145;29,73315;-97,65574;Grassland on flat and E-facing, gentle slope, with rocky soil derived from limestone parent material;Grindelia, Quercus, Opuntia, and Schinus.;Locally abundant. Annual herb, up to 1.8 m tall.;1.000;20,2;29,1;9,8;19,3;892;429;33,9;68;12;5583;874;1694;350;51;337;286;-13,2;43,8;1518;625;62;5,6;6;23;9;326;382;4948;39;7,4;28,9;2,9;11;85,5;0,6;0,7
ANN_44;1880;IND;ANN1231-1240;Helianthus annuus subsp. texanus;30;21. Oct 15;United States;Texas;Frio;Moore, roadside on U.S. Route 35 Frontage Road;215;29,05186;-99,01808;Grassland and savanna on flat, with rocky soil derived from limestone;Yucca, Schinus, and Acacia.;Abundant. Annual herb, up to 2.0 m tall.;1.000;20,9;29,2;10,6;18,6;672;345;45,9;84,6;10;5786;768;1817;353;48;340;291;-12,2;44,7;1598;926;61;1,9;7;13;0;366;112;2484;19;7,4;14,4;6,5;6,5;86,4;0,6;0,4
ANN_45;1881;IND;ANN1241-1250;Helianthus annuus subsp. texanus;31;21. Oct 15;United States;Texas;Maverick;Comanche Creek, roadside on U.S. Route 277;210;28,63085;-100,1189;Grassland on banks of creek, with deep, sandy soil;Acacia and Ulmus.;Abundant. Annual herb, up to 2.0 m tall.;100;21,4;29,8;10,9;18,9;551;312;57,1;95,6;9;5996;702;1960;355;46;342;296;-11,1;45,5;1641;1091;60;2,3;3;69;18;480;124;3354;20;7,8;19,1;6,4;5,4;87,7;0,5;0,4
ANN_46;1919;IND;ANN1251-1260;Helianthus annuus;30;04. Nov 15;United States;California;Riverside;City of Banning, roadside on John Street, S of U.S. Route 10, S of railroad tracks;690;33,92321;-116,86432;Herbaceous vegetation at roadside and train-track right-of-way, on flat, with rocky soil derived from granite alluvium;Salsola.;Abundant. Annual herb, up to 3.0 m tall.;10.000;16,7;25,4;9,7;15,7;423;60;63,1;422,4;17;4291;1311;809;336;62;341;279;-11,5;45,1;1492;1095;52;0,8;39;70;0;202;89;874;29;6,5;6,3;8,2;11,8;69,4;2;0,2
ANN_47;1920;IND;ANN1261-1270;Helianthus annuus;27;05. Nov 15;United States;Arizona;Pinal;Picacho area, roadside on U.S. Route 10;475;32,73158;-111,53769;Grassland and disturbed desert scrub on flat, with deep soil derived from volcanic alluvium;Salsola, Larrea, and Prosopis.;Infrequent. Annual herb, up to 2.0 m tall.;100;20,9;32,3;10,4;21,9;265;102;116,6;316;12;5817;877;1931;337;57;335;278;-12,5;46,3;1763;1498;50;2,4;14;99;20;1402;302;4957;62;8,1;31,2;11,5;8,1;79,5;0,9;0,7
ANN_48;1921;IND;ANN1271-1280;Helianthus annuus;26;05. Nov 15;United States;Arizona;Santa Cruz;Santa Cruz River Valley, Roadside on Interstate 19, N of Rio Rico;1030;31,5081;-111,01274;Desert scrub and herbaceous roadside vegetation on flat, with deep soil derived from granite;Sambucus, Conyza, and Celtis.;Abundant. Annual herb, up to 4.0 m tall.;1.000;17;26,6;8,3;18,3;430;262;62,7;101,4;23;4399;1387;989;288;101;312;211;-19,5;42,4;1667;1236;45;1,8;18;85;0;381;159;1986;32;7,1;12,4;7,9;10,7;80,3;1,1;0,2
ANN_49;1924;IND;ANN1281-1290;Helianthus annuus;29;06. Nov 15;United States;Arizona;Cochise;San Pedro River Valley, E of San Pedro River, roadside on East Hereford Road;1275;31,43996;-110,10544;Grassland on flat, with deep soil derived from alluvium;Prosopis.;Abundant. Annual herb, up to 4.0 m tall.;100.000;16,9;26,2;8;18,2;337;212;79,8;123,5;25;4390;1399;992;314;82;321;239;-16,4;41,4;1508;1171;53;2;1;5;15;761;244;3235;118;8,3;20,7;9,4;9,8;78,3;2,5;0,5
ANN_50;1927;IND;ANN1291-1300;Helianthus annuus;30;06. Nov 15;United States;New Mexico;Grant;Separ area, Roadside on U.S. Route 10 Frontage Road;1370;32,17943;-108,38541;Grassland on flat and shallow basin (periodically flooded), with deep soil derived from sediment;Prosopis, Salsola, and Sorghum.;Locally abundant. Annual herb, up to 2.0 m tall.;500;15,3;26,2;4,9;21,2;293;173;86,3;151,5;53;3861;1874;867;259;109;300;191;-24,4;41,7;1556;1262;46;2,2;36;149;0;893;419;4620;31;7,9;29;7,9;12;79,6;0,5;0,6
ANN_51;1938;IND;ANN1301-1310;Helianthus annuus;21;09. Nov 15;United States;New Mexico;Doña Ana;Rio Grande River flood plain, S of Mesquite, roadside on New Mexico State Route 478, N of intersection with Holguin Road;1170;32,12876;-106,67373;Weedy irrigation ditch margins between road and agricultural fields, with deep soil derived from alluvium;Amaranthus, Solanum, Sorghum, and Salsola.;Infrequent. Annual herb, up to 3.0 m tall.;50;16,7;27,5;5,9;21,6;220;142;121,3;193,1;40;4353;1590;1112;283;95;306;211;-22,1;42,6;1574;1354;49;1,2;3;68;10;613;211;2792;402;8,3;19;8,3;9,3;73,2;9,2;1,2
ANN_52;1941;IND;ANN1311-1320;Helianthus annuus;30;10. Nov 15;United States;Texas;Reeves;Ninemile Draw, just E of junctiom between U.S. Route 10 and U.S. Route 20, near Exit 3 on U.S. Route 20, N of Interstate 20 Service Road;1140;31,13312;-104,02012;Weedy roadside vegetation in ditch, with deep, rocky soil derived from limestone parent material;Sorghum, Prosopis, Artemisia, Conyza, and Yucca.;Abundant. Annual herb, up to 3.0 m tall.;1.000;16,9;26,5;6,3;20,2;349;245;77;108,3;34;4411;1487;1118;288;90;311;220;-21,3;43;1585;1235;50;3,4;2;21;27;680;149;4011;31;8;23,2;7,5;5,4;86,5;0,6;0,5
ANN_53;1942;IND;ANN1321-1330;Helianthus annuus;30;10. Nov 15;United States;Texas;Pecos;Coyanosa Draw, roadside on U.S. Route 285, SE of Pecos;880;31,03955;-103,13683;Desert scrub and riparian vegetation in shallow, rocky soil derived from limestone parent material;Larrea, Prosopis, Xanthium, Baccharis, and Acacia.;Abundant. Annual herb, up to 2.0 m tall.;1.000;17,9;27,9;6,8;21,1;339;219;82,4;127,3;29;4771;1347;1338;293;89;310;222;-20,8;44,5;1613;1273;51;1,2;2;39;10;615;225;4834;29;8,1;27,7;5,7;6,8;87;0,5;0,4
ANN_54;1951;IND;ANN1331-1340;Helianthus annuus subsp. texanus;35;25. Nov 15;United States;Texas;Dewitt;Roadside on Texas State Highway 87, at intersection with Mueller Road, S of Westhoff and N of Cuero;90;29,11355;-97,39837;Grassland and weedy roadside on flat, with deep soil derived from limestone;Celtis, Acacia, and Sorghum.;Abundant. Annual herb, up to 2.0 m tall.;1.000;21;29,3;11;18,3;869;450;35,6;65;9;5835;721;1810;357;45;341;296;-11,5;43,4;1549;678;63;1,4;4;10;4;236;78;3565;30;8;19,2;3,2;3,4;92,7;0,7;0,3
ANN_55;1954;IND;ANN1341-1350;Helianthus annuus subsp. texanus;35;26. Nov 15;United States;Texas;Calhoun;Lavaca Bay, roadside on Texas State Highway 35, SW of Point Comfort, near E end of Lavaca Bay Causeway;0;28,66061;-96,58348;Maritime grassland and salt-marsh near seashore, with deep, sandy soil;Opuntia and Acacia.;Locally abundant. Annual herb, up to 1.0 m tall.;100;21,3;29;11,8;17,2;1055;568;29,7;51;7;5963;629;1851;361;37;349;312;-8,7;40,8;1340;333;71;4,4;1;2;10;191;524;2396;1057;7,8;21,4;2,3;20,4;55,8;21,5;2,5
ANN_56;1956;IND;ANN1351-1360;Helianthus annuus subsp. texanus;29;26. Nov 15;United States;Texas;Aransas;Copano Bay, E shore, near Copano Village, N of Rockport, N of Farm to Market Road 1781;1;28,08852;-97,06011;Saltmarsh with deep soil derived from sand and pulverized sea-shells;Myrica, Baccharis, Solidago, and Salicornia.;Locally abundant. Annual herb, up to 2.0 m tall.;200;21,6;28,8;12,2;16,6;856;479;36,9;60,2;6;6065;577;1900;362;35;353;318;-6,9;40,1;1235;416;76;0,5;1;3;11;100;211;1606;802;8,9;13,5;1,9;13;59,3;25,8;1,5
ANN_57;1968;IND;ANN1361-1370;Helianthus annuus subsp. texanus;32;29. Nov 15;United States;Texas;Nueces;Intracoastal Waterway, John F. Kennedy Memorial Causeway;0;27,63854;-97,24526;Weedy, disturbed roadside and shore of waterway, with rocky soil derived from silt, beach sand, and limestone road base;Not Recorded.;Infrequent. Annual herb, up to 1.5 m tall.;200;22,1;29,1;13;16,1;806;464;39,9;62,7;5;6244;502;2017;363;34;358;323;-4,4;40,1;1197;443;78;1,2;1;8;4;153;255;2460;256;8,2;15,9;2,5;13,4;77,1;7;0,6
ANN_58;1973;IND;ANN1371-1380;Helianthus annuus subsp. texanus;30;30. Nov 15;United States;Texas;Bee;Skidmore, S side of town, roadside on U.S. Route 181, N of intersection with County Road 612 and S of intersection with County Road 611;35;28,24166;-97,67443;Grassland on flat and roadside, with deep soil;Mimosa and Prosopis.;Abundant. Annual herb, up to 2.0 m tall.;10.000;21,8;29,6;12,4;17,2;781;463;40,8;63,8;6;6139;570;1971;361;42;346;304;-8,7;43,3;1561;780;64;2,2;13;23;8;246;150;3618;32;7,7;20,1;3,1;6,2;90;0,7;0,5
ANN_59;1976;IND;ANN1381-1390;Helianthus annuus subsp. texanus;30;03. Dec 15;United States;Texas;Willacy;Roadside on U.S. Route 77 (Interstate 69E) Frontage Road (W), S of intersection with Farm to Market Road 1762;12;26,50251;-97,77181;Margin of fallow Sorghum field, with deep soil;Not Recorded.;Abundant. Annual herb, up to 1.5 m tall.;1.000;22,8;29,2;14,3;14,9;689;444;47,5;65,7;4;6461;394;2130;363;41;351;309;-5,5;42,6;1622;934;65;2,5;20;132;32;917;332;3955;60;8;25,2;9,3;11;78,7;1;0,6
ANN_60;1981;IND;ANN1391-1400;Helianthus annuus subsp. texanus;24;04. Dec 15;United States;Texas;Kleberg;Riviera Beach, along shore of Baffin Bay, near intersection of County Road 1155 with County Road 2360;0;27,28522;-97,66729;Maritime grassland and salt-marsh near seashore, with deep, sandy soil;Prosopis and Distichlis.;Infrequent. Annual herb, up to 1.5 m tall.;100;22,2;28,9;13,2;15,7;680;411;47,3;70,3;5;6253;482;2011;362;42;351;309;-7,3;41,9;1522;842;67;2,8;8;17;7;445;379;2372;266;7,4;17,3;6,6;18,3;68,4;6,7;0,6
ANN_61;1990;IND;ANN1401-1410;Helianthus annuus subsp. texanus;30;04. Dec 15;United States;Texas;Nueces;Roadside on U.S. 77 Frontage Road, just NE of intersection with Lincoln Avenue;20;27,77652;-97,66801;Margin of fallow Sorghum field, with deep soil;Celtis.;Abundant. Annual herb, up to 1.5 m tall.;500;21,9;29,4;12,4;17;756;455;42,2;64,6;6;6160;553;1982;361;42;348;306;-8,1;42,6;1510;754;67;2,4;8;41;16;908;540;6323;90;8,1;38,8;6;11,6;81,4;1;0,7
ANN_62;2157;IND;ANN1411-1420;Helianthus annuus;40;02. Oct 11;United States;Iowa;Woodbury;Along east side of Wolf Creek Ditch, between Hwy 141 and old Hwy 141, adjacent to Table Marsh WMA;329;42,24842;-96,05867;Undisturbed wetland and elevated dike road;Not Recorded.;Infrequent. Annual herb, up to 3.0 m tall.;500;9,4;24,4;-7,4;31,8;725;467;26,8;52,3;634;2854;3653;556;196;120;282;161;-34,9;41,6;934;271;57;2,3;57;140;0;633;315;3055;21;7,8;19,6;8,3;13,4;77,8;0,5;0,6
ANN_63;2156;IND;ANN1421-1430;Helianthus annuus;40;03. Oct 11;United States;Iowa;Mills;Off exit 35 from I-29 just south of Omaha, by the west side of the gas station;290;41,04647;-95,82286;Marshy waste place near a recently abandoned construction site;Not Recorded.;Abundant. Annual herb, up to 3.0 m tall.;1000;10,9;25,3;-5,3;30,7;810;521;25,8;48,6;455;3128;3256;682;212;113;287;173;-32,4;42,1;972;227;58;2,4;12;44;19;513;583;5011;100;7,9;31,7;4,1;15,3;79,2;1,4;0,6
ANN_64;2154;IND;ANN1431-1440;Helianthus annuus;40;06. Oct 11;United States;Kansas;Phillips;Between Victory Rd and Hwy 9 on East 1400 Rd, between Agra and Kirwin;550;39,68894;-99,06605;Grassy fallow land and weedy roadside vegetation;Not Recorded.;Abundant. Annual herb, up to 2.5 m tall.;2000;11,3;26,2;-3,8;30,1;612;401;34,9;65,4;361;3171;3145;734;208;115;283;167;-33,3;43,5;1067;500;52;4,6;72;144;0;1002;263;3826;24;7,7;24;10,7;9,1;79,8;0,4;0,6
ANN_65;2153;IND;ANN1410-1450;Helianthus annuus;40;06. Oct 11;United States;Kansas;Norton;Washington St, just east of the junction with Hwy 36;709;39,82806;-99,9072;Grassy fallow land and weedy roadside ditch;Not Recorded.;Locally abundant. Annual herb, up to 2.0 m tall.;700;10,9;25,5;-3,6;29,1;594;408;35,2;62,7;359;3037;3209;653;202;118;281;163;-33,6;42,6;1051;487;52;1,6;19;98;10;913;289;3647;36;8,1;23,1;10,1;10,4;78,8;0,7;0,6
ANN_66;2166;UBC;ANN1451-1460;Helianthus annuus;40;26. Sep 11;Canada;Manitoba;;Unnamed dirt road north of Whitewater Lake;505;49,29649;-100,40875;Marshy roadside ditch along fallow land;Not Recorded.;Locally abundant. Annual herb, up to 1.5 m tall.;200;2,7;19,4;-17;36,5;467;314;27,2;61,7;1726;1741;5680;149;157;141;258;117;-43,9;39,2;675;297;55;5,2;23;68;38;337;484;3861;33;7,4;24,3;3,6;16,6;79,2;0,6;1,4
ANN_67;2155;IND;ANN1461-1470;Helianthus annuus;40;04. Oct 11;United States;Missouri;Andrew;Off Hwy 71N, between Road 140 and the next cross street north;324;40,07698;-94,86874;Grassy roadside and deep irrigation ditch/ravine with shrubby vegetation;Not Recorded.;Abundant. Annual herb, up to 2.0 m tall.;1000;11,1;25,1;-4,4;29,5;923;571;22,9;43,9;393;3132;3148;663;212;115;288;174;-31,4;41,6;965;161;59;2,3;17;42;28;323;528;4861;153;7,8;30,2;2,7;14,6;80,5;2,2;0,6
ANN_68;2162;IND;ANN1471-1480;Helianthus annuus;40;28. Sep 11;United States;North Dakota;McLean;Access road to Cross Ranch State Park;525;47,24255;-101,04321;Grassland along railway and rangeland;Not Recorded.;Abundant. Annual herb, up to 1.0 m tall.;10.000;5,2;21,6;-13;34,5;428;300;35,5;71,9;1244;2092;4917;275;168;136;266;129;-41;41,1;756;385;54;2,4;2;14;9;325;283;3214;27;8;19,4;4,3;12,2;82,9;0,6;0,4
ANN_69;2160;IND;ANN1481-1490;Helianthus annuus;40;29. Sep 11;United States;South Dakota;Hughes;Near the junction of Hwy 83 and 14, north-east of Pierre;549;44,50105;-100,0715;Weedy roadside ditch and fallow land surrounding pond;Not Recorded.;Locally abundant. Annual herb, up to 2.0 m tall.;800;7,6;24;-9,7;33,6;460;306;38,2;78,3;876;2521;4221;463;177;129;273;144;-38,5;43,1;873;478;52;3,2;64;113;0;579;538;3291;97;7,5;22,8;6,5;19,7;72;1,8;0,6
ANN_70;2158;IND;ANN1491-1500;Helianthus annuus;40;01. Oct 11;United States;South Dakota;Union;Off frontage road 471 Ave, east of the I-29 past Spink;381;42,8228;-96,78587;Grasland on flat and roadside;Not Recorded.;Abundant. Annual herb, up to 2.5 m tall.;2000;8,9;24,4;-8,3;32,8;646;422;29,2;57,9;716;2774;3824;534;188;122;279;157;-36;42,1;931;332;56;3,3;4;36;29;360;906;3837;64;7,8;27,9;3,3;27,1;68,6;1;1
ANN_71;2168;UBC;ANN1501-1510;Helianthus annuus;40;27. Sep 11;Canada;Saskatchewan;;Hwy 47 north of Estevan, on unnamed gravel road, between a gas station and marsh;585;49,23184;-102,9884;Weedy vegetation in a marshy waste place;Not Recorded.;Abundant. Annual herb, up to 1.5 m tall.;2000;3,7;20,1;-15;35,1;416;276;32,8;72,6;1494;1825;5372;180;166;136;261;125;-43,4;38,9;678;346;57;NA;NA;NA;NA;NA;NA;NA;NA;NA;NA;NA;NA;NA;NA;NA
ARG_01;1877;IND;ARG0001-0010;Helianthus argophyllus;30;20. Oct 15;United States;Texas;Guadalupe;San Marcos River Valley, roadside on U.S. Route 10, immediately E of Exit 625;133;29,6465;-97,69094;Grassland and weedy herbaceous vegetation on roadside, with deep soil;Vitis, Sorghum, and Andropogon.;Infrequent. Annual herb, up to 4.0 m tall.;100;20,3;29,1;9,9;19,2;890;431;34;67,5;12;5606;859;1705;351;50;337;287;-13,2;43,8;1524;636;62;1,4;6;41;10;117;93;2202;20;7,5;12,2;2,5;6,4;90,4;0,7;0,2
ARG_02;1878;IND;ARG0011-0020;Helianthus argophyllus;30;20. Oct 15;United States;Texas;Gonzales;Roadside on U.S. Route 80, N of Leesville, just NE of intersection with County Road 102;125;29,43897;-97,73836;Grassland on roadside, with deep, sandy soil;Schinus.;Abundant. Annual herb, up to 4.0 m tall.;1.000;20,5;29,1;10,3;18,8;860;430;35,5;67,6;11;5688;808;1738;354;48;339;291;-12,5;43,6;1535;675;62;1,2;5;6;0;142;67;876;20;6,5;5,8;6,3;9,6;75,5;1,5;0,2
ARG_03;1879;IND;ARG0021-0030;Helianthus argophyllus;30;20. Oct 15;United States;Texas;Gonzales;Roadside on County Road 131, N of Nixon;105;29,31939;-97,7441;Grassland, pasture, and weedy roadside on flat, with deep, sandy soil;Croton and Quercus.;Abundant. Annual herb, up to 5.0 m tall.;1.000;20,7;29,1;10,6;18,6;850;435;36,1;67;10;5751;774;1769;356;46;340;294;-12;43,7;1547;700;62;0,8;18;34;0;86;35;1519;20;7,9;8,2;2,7;3,6;92,6;1,1;0,2
ARG_04;1948;IND;ARG0031-0040;Helianthus argophyllus;30;25. Nov 15;United States;Texas;Guadalupe;Roadside on Farm to Market Road 1150, just W of intersection with Nixon Road;140;29,60147;-97,70881;Weedy roadside on flat, with deep, sandy soil;Quercus and Juniperus.;Abundant. Annual herb, up to 3.0 m tall.;1.000;20,3;29,1;9,9;19,2;886;431;34,1;67,5;12;5596;864;1700;350;51;337;286;-13,2;43,7;1524;638;62;0,9;6;9;0;173;62;1044;25;7,1;6,3;7;8,2;83,1;1,7;0,2
ARG_05;1949;IND;ARG0041-0050;Helianthus argophyllus;17;25. Nov 15;United States;Texas;Gonzales;Guadalupe River Valley, roadside on County Road 104, W of intersection with County Road 105;104;29,45132;-97,6954;Weedy roadside on small hill crest, with deep, sandy soil;Quercus, Celtis, Sorghum, and Opuntia.;Infrequent. Annual herb, up to 4.0 m tall.;15;20,5;29,1;10,3;18,8;867;433;35,2;67,2;11;5689;808;1739;354;48;339;291;-12,5;43,6;1536;668;62;0,5;12;19;0;120;45;826;25;7,9;4,9;6,3;7,7;83,8;2,2;0,2
ARG_06;1950;IND;ARG0051-0060;Helianthus argophyllus;30;25. Nov 15;United States;Texas;Gonzales;Roadside on Texas State Highway 87, just E of intersection with Higgenbottham Road, E of Nixon, W of Smiley;100;29,27191;-97,66967;Weedy roadside vegetation on roadside, with deep, sandy soil;Opuntia, Quercus, Prosopis, Xanthium, and Rubus.;Abundant. Annual herb, up to 4.0 m tall.;1.000;20,8;29,2;10,7;18,5;851;436;36,2;66,9;10;5782;758;1786;356;46;341;295;-11,9;43,6;1550;699;62;1,3;4;6;0;187;160;1251;46;6,6;8,8;5,4;15,2;71,1;2,3;0,2
ARG_07;1952;IND;ARG0061-0070;Helianthus argophyllus;32;25. Nov 15;United States;Texas;Goliad;Manahuilla Creek, just N of U.S. Route 83 bridge, N of Goliad;50;28,70013;-97,38772;Weedy riparian vegetation near creek, with deep soil derived from sand;Quercus, Acacia, Sorghum, Helianthus, and Celtis.;Abundant. Annual herb, up to 3.5 m tall.;10.000;21,5;29,4;11,9;17,5;880;485;35,8;60,6;7;6019;620;1899;359;43;343;300;-10,1;43,2;1570;690;63;0,5;1;8;2;73;50;1928;21;8,2;10,3;1,8;4;93,3;0,9;0,1
ARG_08;1953;IND;ARG0071-0080;Helianthus argophyllus;30;25. Nov 15;United States;Texas;Victoria;Guadalupe River Valley, roadside on U.S. Route 59, vicinity of Stubbs Lake, W of Victoria;20;28,73672;-97,03155;Grassland on flat and E-facing slope, with deep, sandy soil;Quercus, Celtis, and Opuntia.;Abundant. Annual herb, up to 4.0 m tall.;10.000;21,3;29,2;11,7;17,5;956;524;32,7;55,7;7;5944;651;1854;359;42;344;301;-10,2;42,6;1510;554;65;0,7;8;10;0;141;76;712;28;6,4;5,2;7;12,2;68,5;2,3;0,2
ARG_09;1955;IND;ARG0081-0090;Helianthus argophyllus;29;26. Nov 15;United States;Texas;Aransas;Roadside on Texas State Highway 35, just N of Holiday Beach;4;28,18143;-96,9948;Grassland and weedy roadside vegetation, with deep, sandy soil;Prosopis and Quercus.;Locally abundant. Annual herb, up to 3.0 m tall.;10.000;21,6;28,8;12,3;16,6;888;498;35,5;57,8;6;6047;582;1887;362;35;352;317;-7;40,2;1255;403;75;0,5;7;9;5;99;60;1202;72;8;7,1;3,6;7;85;4,4;0,2
ARG_10;1958;IND;ARG0091-0100;Helianthus argophyllus;26;26. Nov 15;United States;Texas;Aransas;Roadside on Texas State Highway 35, at intersection with Loop Road 1781 and Fulton Beach Road;7;28,10813;-97,02884;Weedy roadside and grassland amongst oak woodland, with deep, sandy soil;Quercus, Persea, Vitis, Ilex, and Helianthus.;Infrequent. Annual herb, up to 1.0 m tall.;1.000;21,6;28,8;12,2;16,6;863;483;36,6;59,7;6;6056;582;1897;362;35;353;318;-6,9;40;1228;401;76;0,9;1;2;4;23;41;1773;58;8,3;9,5;0,6;3,6;93,1;2,7;0,2
ARG_11;1959;IND;ARG0101-0110;Helianthus argophyllus;24;26. Nov 15;United States;Texas;Aransas;Shell Ridge area, S side of Rockport, roadside on Texas State Highway 35, W side of road, N of 16th Street and S of 12th Street;0;27,99705;-97,07636;Coastal grassland on flat (sandy hill and ridge, above tide line) amongst salt marsh, with deep, sandy soil;Andropogon, Tamarix, and Salicornia.;Infrequent. Annual herb, up to 3.0 m tall.;10.000;21,6;28,8;12,2;16,6;850;474;37,2;60,8;6;6073;577;1909;362;35;354;319;-6,6;40;1221;410;76;0,8;4;5;5;62;114;650;29;7,1;4,5;3,5;21,1;72,6;2,8;0,1
ARG_12;1960;IND;ARG0111-0120;Helianthus argophyllus;29;26. Nov 15;United States;Texas;Aransas;Roadside on Texas State Highway 35, Business, N of Aransas Pass, N of intersection with West Moore Avenue;0;27,93269;-97,12295;Grassland and salt marsh on flat, with deep, sandy soil;Andropogon, Quercus, Ilex, Typha, Rhus, and Hydrocotyle.;Abundant. Annual herb, up to 3.0 m tall.;10.000;21,7;28,9;12,4;16,5;841;472;37,7;61,2;6;6103;565;1927;362;34;355;321;-5,9;39,8;1191;393;78;1;6;9;0;79;86;507;28;6,6;3,8;5,3;18,9;66,7;3,2;0,2
ARG_13;1961;IND;ARG0121-0130;Helianthus argophyllus;28;27. Nov 15;United States;Texas;Nueces;Port Aransas, I.B. Magee Beach, just N of parking lot at end of North on the Beach, near campground;6;27,83272;-97,04939;Coastal scrub on semi-stablilized dunes just W of beach, with deep, sandy soil;Croton, Ipomoea, and Andropogon.;Abundant. Annual herb, up to 2.0 m tall.;10.000;21,8;29;12,4;16,6;836;456;38;63,5;6;6124;560;1943;363;33;358;325;-4,6;39,4;1101;350;81;0,1;6;18;0;79;55;919;35;8,7;5,4;3,8;8,5;84,9;2,8;0,1
ARG_14;1962;IND;ARG0131-0140;Helianthus argophyllus;32;27. Nov 15;United States;Texas;Aransas;San Jose Island, S end, just N of Port Aransas, N side of Aransas Pass (channel between San Jose Island and Mustang Island);7;27,8469;-97,04873;Maritime grassland on N slope of stabilized sand dunes, with deep, sandy soil;Andropogon, Opuntia, and Croton.;Infrequent. Annual herb, up to 3.0 m tall.;100;21,8;29;12,4;16,6;838;457;37,9;63,3;6;6118;562;1939;363;33;358;325;-4,7;39,4;1110;353;80;0,3;8;21;0;46;48;1250;29;8,3;6,9;1,7;5,8;90,7;1,8;0,1
ARG_15;1963;IND;ARG0141-0150;Helianthus argophyllus;30;27. Nov 15;United States;Texas;Nueces;Mustang Island, NW side, just N of Port Aransas Nature Preserve, near W end of Port Street;0;27,83481;-97,08834;Maritime grassland on flat, with deep, sandy soil;Ambrosia, Senna, Hazardia, Distichlis, and Opuntia.;Locally abundant. Annual herb, up to 4.0 m tall.;10.000;21,8;29;12,4;16,6;834;459;38,1;63,1;6;6116;562;1937;363;33;358;324;-4,8;39,5;1122;358;80;0,3;1;14;2;131;137;1982;47;8,4;11,6;2,9;9,8;85,5;1,8;0,2
ARG_16;1964;IND;ARG0151-0160;Helianthus argophyllus;29;28. Nov 15;United States;Texas;Nueces;Fish Pass, just S of unnamed dirt road off of Texas State Highway 361, running along north shore of Fish Pass, trending SE to NW;0;27,68602;-97,17672;Maritime grassland on flat, with deep, sandy soil;Andropogon, Baccharis, Salicornia, and Avicennia.;Locally abundant. Annual herb, up to 4.0 m tall.;1.000;22;29,1;12,8;16,3;807;459;39,7;63,4;5;6201;523;1996;363;34;358;324;-4,7;39,9;1181;424;79;0,4;7;14;4;64;90;400;162;7,8;3,6;4,6;20,8;55;19,6;0,4
ARG_17;1965;IND;ARG0161-0170;Helianthus argophyllus;29;28. Nov 15;United States;Texas;Nueces;Mustang Island, immediately N of Packery Channel, vicinity of boat launch S of Zahn Road, E of Texas State Highway 361;3;27,61823;-97,21178;Maritime grassland on flat, with deep, sandy soil;Croton and Ambrosia.;Abundant. Annual herb, up to 4.0 m tall.;10.000;22,1;29,1;12,8;16,3;815;467;39,4;62,3;5;6221;516;2008;363;34;358;324;-4,6;40,1;1192;431;78;0,1;3;20;4;48;68;1458;33;8,5;8,1;1,5;7;89,7;1,8;0,1
ARG_18;1966;IND;ARG0171-0180;Helianthus argophyllus;30;28. Nov 15;United States;Texas;Kleberg;North Padre Island, Bird Basin, roadside on South Padre Island Drive, at turn-off for beach access;3;27,47822;-97,28085;Maritime grassland in lee of dunes, with deep, sandy soil;Andropogon and Croton.;Infrequent. Annual herb, up to 2.0 m tall.;100;22;29;12,8;16,2;803;462;39,9;62,7;5;6202;516;1990;363;35;357;323;-4,7;40;1195;437;78;0,6;5;7;9;53;53;1654;37;8,1;9;1,5;4,9;91,8;1,8;0,1
ARG_19;1967;IND;ARG0181-0190;Helianthus argophyllus;29;28. Nov 15;United States;Texas;Nueces;North Padre Island, Padre Balli Park, at point where Access Road 6 meets beach, just S of Bob Hall Pier;0;27,57942;-97,2215;Dune scrub on East-facing, semi-stabilized dunes, with deep, sandy soil;Croton and Ipomoea.;Abundant. Annual herb, up to 1.5 m tall.;10.000;22,1;29,1;12,8;16,2;820;471;39,1;61,8;5;6216;516;2003;363;34;358;324;-4,6;40;1190;427;78;0,1;5;11;4;29;42;459;43;8,5;2,9;2,6;12,1;78,9;6,4;0,1
ARG_20;1969;IND;ARG0191-0200;Helianthus argophyllus;28;29. Nov 15;United States;Texas;Nueces;Flour Bluff, adjacent to lower (southern) Oso Bay, along unnamed road running SW from Flour Bluff Drive toward Oso Bay;4;27,6611;-97,31138;Disturbed grassland on flat, with deep soil derived from sand;Croton, Quercus, Andropogon, and Sorghum.;Abundant. Annual herb, up to 4.0 m tall.;10.000;22,1;29;13;16;794;459;40,5;63,2;5;6245;498;2013;363;35;356;321;-4,5;40,2;1225;472;77;0,3;1;2;2;56;71;583;32;7,1;3,8;3,8;15,6;76,9;3,7;0,1
ARG_21;1970;IND;ARG0201-0210;Helianthus argophyllus;31;30. Nov 15;United States;Texas;San Patricio;Venado Mill, vicinity of Venado Swale, Welder Wilflife Refuge, N of Sinton;8;28,12154;-97,39245;Grassland on flat, with deep, sandy soil;Prosopis, Andropogon, Croton, and Helianthus.;Abundant. Annual herb, up to 3.5 m tall.;10.000;21,4;29;12,1;17;844;497;37,3;58,4;7;6007;600;1861;360;41;347;306;-9;41,8;1462;623;67;0,4;2;4;5;122;64;440;25;7;3,2;9,8;16,7;70,1;3,4;0,1
ARG_22;1972;IND;ARG0211-0220;Helianthus argophyllus;31;30. Nov 15;United States;Texas;Refugio;Mission River Valley, SW of Refugio, roadside on Exxon Road, just S of intersection with Kelley Road, just SE of U.S. Route 77;13;28,27849;-97,29757;Grassland on flat and weedy roadside, with deep, sandy soil;Mimosa, Quercus, and Croton.;Abundant. Annual herb, up to 5.0 m tall.;10.000;21,5;29;12,4;16,6;917;537;34,4;53,9;6;6030;583;1868;361;41;345;304;-8,9;42,1;1507;596;65;1,2;4;8;6;111;78;1614;29;7,7;9,1;3,1;7,1;88,4;1,4;0,2
ARG_23;1974;IND;ARG0221-0230;Helianthus argophyllus;28;02. Dec 15;United States;Texas;Brooks;Rachal, at intersection of Farm to Market Road 755 and U.S. Route 281;35;26,8902;-98,13698;Grassland on flat, with deep, sandy soil;Celtis, Prosopis, Opuntia, and Helianthus.;Abundant. Annual herb, up to 4.0 m tall.;1.000;22,8;29,7;13,9;15,8;626;386;52,4;77,1;4;6486;420;2183;362;44;349;305;-6,2;43,7;1664;1039;63;0,5;5;14;5;138;51;1684;22;8,2;9,3;3,8;4,6;90,6;1;0,2
ARG_24;1977;IND;ARG0231-0240;Helianthus argophyllus;31;03. Dec 15;United States;Texas;Kenedy;Armstrong, roadside on U.S. Route 77;11;26,92402;-97,79218;Grassland along railroad tracks, with deep, sandy soil;Not Recorded.;Abundant. Annual herb, up to 4.0 m tall.;1.000;22,5;28,8;13,9;15;666;411;48,7;70,2;4;6356;431;2064;362;45;350;305;-6,9;42,3;1622;956;64;1,5;6;39;8;268;128;2228;31;8,1;13;5,3;8,2;85,5;1;0,2
ARG_25;1978;IND;ARG0241-0250;Helianthus argophyllus;29;03. Dec 15;United States;Texas;Kenedy;Roadside on U.S. Route 77, S of Sarita;5;27,15959;-97,79411;Grassland on flat and swale adjacent to road, with deep, sandy soil;Prosopis and Quercus.;Abundant. Annual herb, up to 4.0 m tall.;10.000;22,4;29,1;13,4;15,7;670;405;48,4;72;5;6334;461;2072;362;44;349;304;-7,2;42,8;1611;942;64;0,5;6;9;5;102;57;565;22;7,6;3,7;7,1;12,8;77,5;2,6;0,1
ARG_26;1980;IND;ARG0251-0260;Helianthus argophyllus;30;03. Dec 15;United States;Texas;Kleberg;Los Olmos Creek, roadside on Route U.S. Route 77, N of Sarita;0;27,27342;-97,80311;Grassland on tidally-influenced creek bank, with deep, sandy soil;Prosopis and Yucca.;Abundant. Annual herb, up to 4.0 m tall.;10.000;22,3;29,5;13,1;16,4;668;404;48,4;73,1;5;6307;489;2073;362;43;348;305;-7,4;43;1581;913;65;0,8;7;18;6;240;170;1956;34;8,1;12;5,1;11,8;81,9;1,2;0,2
ARG_27;1982;IND;ARG0261-0270;Helianthus argophyllus;30;04. Dec 15;United States;Texas;Brooks;Roadside on U.S. Route 281, S of Falfurrias;35;27,14245;-98,14997;Grassland on flat, with deep, sandy soil;Prosopis.;Abundant. Annual herb, up to 4.0 m tall.;10.000;22,6;29,9;13,5;16,4;627;382;52;78,1;5;6422;460;2159;362;45;347;302;-7,1;44,2;1680;1051;62;0,5;4;12;3;189;144;1854;34;8,4;11,1;4,4;10,8;83,5;1,3;0,2
ARG_28;1984;IND;ARG0271-0280;Helianthus argophyllus;30;04. Dec 15;United States;Texas;Brooks;Roadside on U.S. Route 281, N of Encino;40;27,00215;-98,13579;Grassland openings in forest, with deep, sandy soil;Quercus and Prosopis.;Locally abundant. Annual herb, up to 3.5 m tall.;10.000;22,7;29,8;13,7;16;632;387;51,8;76,9;4;6452;437;2166;362;44;348;304;-6,6;43,8;1666;1034;63;0,6;6;8;5;146;100;1040;23;8;6,5;5,8;12,8;79,9;1,5;0,2
ARG_29;1986;IND;ARG0281-0290;Helianthus argophyllus;30;04. Dec 15;United States;Texas;Brooks;Roadside on U.S. Route 281, S of Falfurrias, near rest area;35;27,10014;-98,14704;Grassland on flat and shallow swale, with deep, sandy soil;Quercus and Prosopis.;Locally abundant. Annual herb, up to 3.0 m tall.;1.000;22,7;29,9;13,6;16,3;629;385;51,9;77,7;4;6435;452;2164;362;45;347;303;-6,9;44,1;1677;1048;62;0,5;4;8;3;143;86;1265;22;8,3;7,5;4,9;9,6;84,2;1,3;0,2
ARG_30;1988;IND;ARG0291-0300;Helianthus argophyllus;28;04. Dec 15;United States;Texas;Kleberg;Roadside on Texas State Highway 285, W of Riviera, E of Falfurrias;30;27,25741;-97,94589;Grassland and weedy roadside on flat, with deep, sandy soil;Quercus and Prosopis.;Infrequent. Annual herb, up to 3.0 m tall.;100;22,5;29,8;13,3;16,5;654;399;49,7;74,7;5;6375;474;2126;362;44;347;303;-7,3;43,8;1643;989;63;1;6;66;9;292;99;2153;28;8,1;12,5;6;6,6;86,4;1;0,2
PET_01;1808;IND;PET0301-0310;Helianthus petiolaris subsp. fallax;24;13. Sep 15;United States;Arizona;Coconino;South Lake Mary Road (Forest Road 3);2140;35,1371;-111,64211;Grassland transitional to forest on gentle, N-facing slope, with deep soil from volcanic parent material;Pinus, Verbascum, Ambrosia, Grindelia, and Helianthus.;Locally abundant. Annual herb, up to 0.5 m tall.;1.000;7,9;19,4;-2,5;21,9;578;221;30,9;87,5;336;1887;3807;140;163;168;267;99;-35,7;36,4;1051;636;45;1,9;50;95;0;165;300;1623;33;7;11,2;3,8;22,3;72,6;1,3;0,2
PET_02;1810;IND;PET0311-0320;Helianthus petiolaris subsp. fallax;21;13. Sep 15;United States;Arizona;Yavapi;Hart Well Canyon, roadside on Lincoln Canyon Road;1445;34,91703;-111,90977;Woodland on flat, with deep soil from sandstone parent material;Juniperus, Quercus, Pinus, and Yucca.;Locally abundant. Annual herb, up to 1.5 m tall.;500;13,8;24,9;3,7;21,3;443;175;53,6;142,4;73;3373;2197;636;258;117;301;183;-24;40,7;1388;948;49;0,2;14;22;0;63;92;508;25;7,2;3,6;4,5;21,3;71,2;3;0,1
PET_03;1812;IND;PET0321-0330;Helianthus petiolaris subsp. fallax;36;14. Sep 15;United States;Arizona;Coconino;Sunset Crater area, roadside on Forest Road 776, near intersection with State Route 89A;2075;35,33119;-111,54146;Open forest on flat, with grassland in the openings and deep soil from volcanic parent material;Pinus, Juniperus, Ribes, Artemisia, Ericameria, and Salsola.;Infrequent. Annual herb, up to 0.6 m tall.;500;8,6;20,2;-2,1;22,3;451;204;41,1;99;306;2060;3620;189;169;159;269;110;-35,3;37,3;1142;767;44;3,3;17;32;0;427;402;2387;51;6,9;16,6;6,6;20,2;71,9;1,3;0,2
PET_04;1814;IND;PET0331-0340;Helianthus petiolaris subsp. fallax;30;14. Sep 15;United States;Arizona;Coconino;Sunset Crater area, roadside on State Route 89A;2166;35,39031;-111,57754;Open forest on gentle, N-facing hillside, with deep soil from volcanic parent material;Pinus, Juniperus, Ericameria, and Salsola.;Locally abundant. Annual herb, up to 1.5 m tall.;10.000;7,7;19,2;-2,6;21,8;466;213;38,1;90,3;355;1863;3862;132;160;166;265;99;-36,3;36,4;1055;703;44;2,6;21;51;0;333;202;1425;56;6,9;9,9;8,6;17;71,9;2,5;0,2
PET_05;1816;IND;PET0341-0350;Helianthus petiolaris subsp. fallax;29;14. Sep 15;United States;Arizona;Apache;Chambers, W side, roadside on U.S. Route 40;1755;35,15387;-109,50207;Shrubland on flat and roadside, with deep soil from sandstone;Artemisia, Salsola, Atriplex, and Juniperus.;Locally abundant. Annual herb, up to 1.5 m tall.;1.000;10,7;23,2;-1,4;24,6;286;114;72,3;204,2;234;2658;3085;423;194;143;282;139;-34;39,6;1262;1032;44;0,3;6;46;5;193;84;2694;31;8,4;14,8;3,3;4,7;91,1;0,9;0,2
PET_06;1819;IND;PET0351-0360;Helianthus petiolaris subsp. fallax;30;15. Sep 15;United States;New Mexico;San Miguel;Pecos River Canyon, N of Rowe, roadside on Cactus Drive;2110;35,51651;-105,68484;Woodland with grassland openings on gentle, E-facing slope, with deep soil from sandstone parent material;Juniperus, Pinus, Ericameria, and Salsola.;Abundant. Annual herb, up to 1.5 m tall.;1.000;8,9;20,2;-1,8;22;419;282;45,1;71,6;294;2170;3502;218;187;144;275;131;-34,5;37,4;1108;721;47;4;16;45;8;188;187;2321;20;7,3;13,7;3,5;11,4;84,5;0,6;0,3
PET_07;1821;IND;PET0361-0370;Helianthus petiolaris subsp. fallax;29;16. Sep 15;United States;New Mexico;Colfax;Vermejo River Canyon, roadside on U.S. Interstate Highway 25;1795;36,49673;-104,57014;Grassland on alluvial bench adjacent to river, with deep soil from alluvium;Salsola and Yucca.;Abundant. Annual herb, up to 2.0 m tall.;10.000;9,8;21,6;-1,9;23,5;380;291;52,2;74,3;277;2536;3273;327;182;136;274;138;-37;39,1;1195;829;41;1,3;7;47;5;178;147;2176;20;8;12,6;3,6;9,7;86;0,7;0,2
PET_08;1823;IND;PET0371-0380;Helianthus petiolaris subsp. fallax;26;16. Sep 15;United States;Colorado;Costilla;Sangre de Cristo Creek, roadside on U.S. Route 160;2545;37,52901;-105,297;Grassland on steep, E-facing roadcut and hillside, with shallow, rocky soil derived from volcanic parent material;Artemisia, Ericameria, Verbascum, and Chenopodium.;Infrequent. Annual herb, up to 0.5 m tall.;500;5,4;17;-5,3;22,3;399;211;38,7;80,7;625;1504;4618;58;147;169;255;86;-39,3;34,7;852;558;47;0,9;32;93;0;201;200;1700;24;7,1;10,8;4,8;15,4;78,8;1;0,2
PET_09;1824;IND;PET0381-0390;Helianthus petiolaris subsp. fallax;30;17. Sep 15;United States;Colorado;Alamosa;Great Sand Dunes area, roadside on County Lane 6;2325;37,66278;-105,64088;Grassland on flats and rolling hills, with deep soil derived from sand;Ericameria, Salsola, and Atriplex.;Abundant. Annual herb, up to 1.5 m tall.;1.000;5,6;18,2;-7,4;25,6;205;133;76;137,1;741;1679;4581;92;141;164;251;86;-43,8;36,6;935;763;41;0,3;12;78;0;332;91;1781;19;8,5;10,6;8;7,2;84;0,8;0,1
PET_10;1825;IND;PET0391-0400;Helianthus petiolaris subsp. fallax;28;17. Sep 15;United States;Colorado;Chaffee;Poncha Pass area, Poncha Creek Canyon, roadside on U.S. Route 285;2460;38,47747;-106,08848;Shrubland on steep, W-facing slope, with shallow, rocky soil derived from granite parent material;Pinus, Ericameria, Juniperus, and Artemisia.;Locally abundant. Annual herb, up to 0.5 m tall.;500;5,6;17,3;-5,1;22,4;276;150;56,5;115,4;609;1544;4562;60;154;161;258;97;-37,6;34,8;838;624;49;0,5;10;25;0;83;82;1357;22;8;7,8;2,7;8,8;87,3;1,2;0,1
PET_11;1826;IND;PET0401-0410;Helianthus petiolaris subsp. fallax;28;17. Sep 15;United States;Colorado;Gunnison;Gunnison River Canyon, Blue Mesa Reservior, N shore, W of Gunnison, roadside on U.S. Route 50;2295;38,48952;-107,03795;Grassland on gentle, S-facing hillside, with deep soil derived from sand (sand dunes);Salsola and Pinus.;Locally abundant. Annual herb, up to 0.5 m tall.;200;3,5;17,1;-11,8;28,9;243;129;55,7;132,8;1157;1446;5295;54;117;180;241;61;-45,6;37,3;889;727;37;0,4;20;111;0;184;85;923;36;7,7;6;7,9;11,8;77,7;2,6;0,1
PET_12;1840;IND;PET0411-0420;Helianthus petiolaris subsp. fallax;30;03. Oct 15;United States;Arizona;Mohave;Kaibab Plateau, Cane Beds area, roadside on Arizona State Route 389, just W of intersection with Yellow Stone Road;1570;36,90004;-112,91885;Grassland on flat, with deep soil derived from sand;Salsola, Artemisia, Ericameria, and Juniperus.;Locally abundant. Annual herb, up to 0.5 m tall.;1.000;12;24,1;0,7;23,4;309;121;71,3;200;151;2952;2718;531;230;124;290;166;-28,8;41,1;1275;966;49;0,5;34;81;0;264;161;2260;44;8,2;13,5;5;9,9;83,7;1,4;0,2
PET_13;1842;IND;PET0421-0430;Helianthus petiolaris subsp. fallax;29;03. Oct 15;United States;Utah;Kane;Co-op Creek Canyon, N of the White Cliffs, roadside on State Route 9, just E of Zion National Park Entrance;1805;37,23794;-112,85064;Woodland and grassland on gentle, S-facing slope and roadcut, with shallow, rocky soil derived from sandstone;Ericameria, Artemisia, Quercus, Juniperus, and Pinus.;Locally abundant. Annual herb, up to 1.0 m tall.;50;10,1;22,4;-0,7;23,1;431;139;46,7;161,1;235;2478;3215;348;210;132;282;151;-31,1;39,4;1128;766;51;1,4;5;9;9;198;97;2805;23;8,1;15,4;3,3;5,2;90,9;0,6;0,2
PET_14;1850;IND;PET0431-0440;Helianthus petiolaris subsp. petiolaris;34;11. Oct 15;United States;Utah;Uintah;Uinta Mountains, Whiterocks River Canyon, roadside on Forest Road 492;2140;40,55035;-109,91641;Grassland on gentle, W-facing slope of canyon, with rocky soil derived from volcanic parent material;Amelanchier, Ericameria, Artemisia, Xanthium, and Juniperus.;Abundant. Annual herb, up to 0.5 m tall.;100;5,2;18,8;-8,1;26,9;399;178;38,1;106,1;839;1630;4749;104;159;156;261;105;-40,7;36,5;799;540;50;0,3;3;19;6;88;113;2057;29;8,4;11,6;1,9;8,1;88,9;1,1;0,1
PET_15;1853;IND;PET0441-0450;Helianthus petiolaris subsp. petiolaris;29;13. Oct 15;United States;Colorado;Larimer;Cache la Poudre River Canyon, just W of the town of Rustic, roadside on Pudre Canyon Road (Colorado State Highway 14);2240;40,69709;-105,61168;Grassland on disturbed roadcut and hillside, with rocky soil derived from granite parent material;Pinus, Juniperus, Purshia, Artemisia, Salix, Populus, and Verbascum.;Abundant. Annual herb, up to 1.0 m tall.;1.000;5,9;17,6;-3,8;21,4;343;209;46,2;84,4;531;1552;4472;71;158;161;255;95;-34,7;35,9;806;516;52;1;33;50;0;155;136;1105;40;7,1;7,2;5,5;15,7;76,4;2,4;0,2
PET_16;1855;IND;PET0451-0460;Helianthus petiolaris subsp. petiolaris;30;14. Oct 15;United States;Colorado;Weld;South Platte River, S bank, Roadside on U.S. Route 34, SE of Kersey;1415;40,38047;-104,52282;Grassland on roadcut and sandy bluff at roadside, with soil from alluvium;Salsola and Artemisia.;Abundant. Annual herb, up to 1.0 m tall.;1.000;9,3;23;-3,7;26,7;329;208;58,7;110,7;397;2538;3541;399;188;128;270;142;-37,1;40,8;1043;742;46;0,7;58;82;0;219;174;729;59;5,8;7,3;7,7;19,9;49,9;3,5;0,2
PET_17;1856;IND;PET0461-0470;Helianthus petiolaris subsp. petiolaris;30;14. Oct 15;United States;Colorado;Weld;Klug Lake area, roadside on County Road 49, just N of intersection with County Road 22;1510;40,15158;-104,60307;Grassland on E-facing roadcut and adjacent knoll, with deep soil derived from sand;Salsola, Amaranthus, Hesperoyucca, and Opuntia.;Abundant. Annual herb, up to 1.0 m tall.;10.000;9,6;22,9;-2,8;25,7;342;212;57,1;107,7;342;2551;3440;391;191;129;272;143;-35,9;40,6;1043;731;47;0,4;22;27;0;128;81;574;29;7;4;8,2;16,9;71,7;3,2;0,1
PET_18;1857;IND;PET0471-0480;Helianthus petiolaris subsp. petiolaris;28;14. Oct 15;United States;Colorado;Adams;Denver International Airport area, roadside on E 120th Avenue, E of Hayesmount Road and W of Watkins Road;1595;39,9137;-104,61456;Grassland on steep, S-facing roadcut and knoll, with deep soil derived from sand;Salsola, Rumex, Opuntia, and Yucca.;Abundant. Annual herb, up to 1.5 m tall.;1.000;9,8;22,8;-1,9;24,7;370;238;53,5;95,8;293;2555;3361;388;198;128;276;148;-33,9;39,9;1052;703;49;0,2;14;77;6;151;110;2048;23;8,2;11,6;3,3;7,9;87,9;0,9;0,2
PET_19;1858;IND;PET0481-0490;Helianthus petiolaris subsp. petiolaris;22;14. Oct 15;United States;Colorado;Arapahoe;Strasburg area, S of Strasburg, roadside on E Quincy Road just W of intersection with Strasburg Road;1720;39,63705;-104,33484;Grassland on flat and roadcut, with deep, sandy soil;Amaranthus and Verbascum.;Abundant. Annual herb, up to 1.5 m tall.;1.000;9,5;22,4;-1,9;24,2;402;263;48,4;85,1;304;2461;3437;346;192;133;275;142;-34,3;39,4;1015;648;48;0,4;20;32;0;142;98;801;21;7,2;5,3;6,9;15,4;76;1,7;0,1
PET_20;1859;IND;PET0491-0500;Helianthus petiolaris subsp. petiolaris;29;15. Oct 15;United States;Kansas;Barton;Great Bend area, N bank of Arkansas River, roadside on U.S. Route 56, just NE of intersection with SW 20 Road;585;38,3336;-98,83812;Grassland on flat and roadside ditch, with deep, sandy soil derived from alluvium;Conyza and Helianthus.;Abundant. Annual herb, up to 1.0 m tall.;100;13,1;27,1;-1,2;28,3;624;401;37,1;67,7;212;3584;2653;909;227;107;292;185;-29,5;43,6;1163;549;56;0,9;23;52;8;129;79;2274;21;8;12,5;2,6;5,3;91,4;0,7;0,2
PET_21;1860;IND;PET0501-0510;Helianthus petiolaris subsp. petiolaris;30;15. Oct 15;United States;Kansas;Barton;Arkansas River, S bank, roadside on SE 20 Road, just W of intersection with SE 50 Avenue;570;38,33349;-98,69159;Grassland at forest edge on S-facing slope and roadcut, with deep, sandy soil;Fraxinus and Catalpa.;Abundant. Annual herb, up to 1.0 m tall.;1.000;13,2;27,1;-1,2;28,4;632;404;36,7;67,2;212;3591;2646;912;227;107;293;186;-29,4;43,6;1159;538;56;NA;NA;NA;NA;NA;NA;NA;NA;NA;NA;NA;NA;NA;NA;NA
PET_22;1862;IND;PET0511-0520;Helianthus petiolaris subsp. petiolaris;30;15. Oct 15;United States;Kansas;Ellsworth;Kanopolis Lake area, Roadside on 29th Road, just S of intersection with Avenue V;465;38,56505;-97,96174;Grassland on knoll and E-facing roadcut, with rocky soil derived from sandstone;Celtis, Yucca, and Solidago.;Abundant. Annual herb, up to 1.5 m tall.;10.000;12,6;26,7;-2,1;28,8;673;428;33,6;62,4;251;3460;2783;848;224;108;292;184;-29,9;43,4;1092;450;57;0,6;11;18;0;103;73;1335;33;7,9;7,7;3,4;7,9;86,8;1,9;0,2
PET_23;1863;IND;PET0521-0530;Helianthus petiolaris subsp. petiolaris;30;16. Oct 15;United States;Kansas;Sedgwick;Wichita Valley Center Floodway and Levee, W of Floodway and N of Route 400;404;37,676;-97,40646;Grassland on bank of floodway and slopes of levee, with deep, sandy soil;Not Recorded.;Abundant. Annual herb, up to 1.0 m tall.;1.000;13,5;27,3;-1;28,3;747;452;31,5;60,4;193;3677;2549;943;229;105;296;191;-27,8;43,4;1130;407;60;0,8;20;36;0;88;75;793;22;7,1;4,9;4,6;12,8;80,6;2;0,1
PET_24;1865;IND;PET0531-0538, PET0798-0799;Helianthus petiolaris subsp. petiolaris;30;16. Oct 15;United States;Kansas;Harper;Chikaskia River, W bank, E of Runnymede, roadside on K-2;415;37,37939;-97,8877;Grassland on flat, small ridge, and roadside, with deep, sandy soil;Helianthus, Solidago, Andropogon, Lespedeza, and Artemisia.;Infrequent. Annual herb, up to 1.5 m tall.;50;14,3;27,8;0;27,8;723;437;33,5;63,7;156;3871;2375;1040;233;104;297;193;-27,1;44,5;1228;504;58;0,8;5;6;0;91;87;639;22;5,8;5,2;4,5;13,9;61,4;1,8;0,1
PET_25;1867;IND;PET0539-0548;Helianthus petiolaris subsp. petiolaris;30;16. Oct 15;United States;Oklahoma;Woods;Salt Fork Arkansas River watershed, N of Alva, roadside on U.S. Route 281;415;36,83371;-98,6481;Grassland on roadside and gentle, SW-facing slope, with sandy soil;Amaranthus, Prunus, and Sorghum.;Infrequent. Annual herb, up to 0.5 m tall.;1.000;14,8;28,4;0,9;27,5;659;389;37,7;72,8;130;4026;2242;1120;234;103;296;193;-27,4;45;1307;647;55;0,8;37;71;0;151;71;1574;36;7,7;9;4,3;6,6;87,4;1,7;0,2
PET_26;1868;IND;PET0549-0558;Helianthus petiolaris subsp. petiolaris;27;17. Oct 15;United States;Oklahoma;Woods;Little Sahara Sand Dunes Area, S of Waynoka, roadside on Sahara Drive, just N of campground;465;36,56341;-98,88941;Shrubland and grassland on flat and roadside ditch, with deep, sandy soil;Juniperus, Prunus, Artemisia, and Andropogon.;Infrequent. Annual herb, up to 2.0 m tall.;100.000;14,9;28,3;1,1;27,2;636;385;39,1;73,4;124;4032;2214;1114;236;102;296;194;-27,2;44,9;1307;672;55;0,1;10;46;5;81;44;652;19;8,1;3,9;5,3;9,4;83,2;2,1;0,1
PET_27;1869;IND;PET0559-0568;Helianthus petiolaris subsp. petiolaris;30;17. Oct 15;United States;Oklahoma;Woods;Little Sahara Sand Dunes, edge of dune area, NE corner close to observation deck and campground;470;36,558;-98,89537;Grassland on semi-stabilized dune ridge, with sandy soil;Prunus and Yucca.;Abundant. Annual herb, up to 2.0 m tall.;10.000;14,9;28,3;1,1;27,2;637;385;39,1;73,4;123;4031;2213;1113;236;102;296;194;-27,2;44,8;1306;672;55;0,1;6;36;3;40;33;922;19;8,2;5,1;2;5,4;91;1,6;0,1
PET_28;1870;IND;PET0569-0578;Helianthus petiolaris subsp. petiolaris;29;17. Oct 15;United States;Oklahoma;Alfalfa;Salt Plains, S of Oklahoma State Highway 11;350;36,79928;-98,24968;Grassland on island in salt plains, with deep soil derived from sediment and sand;Tamarix and Rhus.;Abundant. Annual herb, up to 1.5 m tall.;1.000;15;28,5;0,9;27,6;697;408;35,9;69,9;127;4074;2211;1147;237;102;298;196;-26,6;45,4;1286;588;57;0,1;7;19;2;18;32;1258;284;8,6;7,8;0,6;3,4;80,2;15,8;0,6
PET_29;1872;IND;PET0579-0588;Helianthus petiolaris subsp. petiolaris;31;17. Oct 15;United States;Oklahoma;Woods;Cimmaron River, E of Cargill Salt Works;480;36,9134;-99,23544;Grassland on flat (small island) in the bed of the river, with deep soil derived from alluvium;Artemisia and Bouteloua.;Abundant. Annual herb, up to 1.5 m tall.;1.000;14,8;28,2;0,9;27,4;615;374;40,2;75,4;130;3992;2253;1098;234;104;294;191;-28,2;44,8;1318;702;53;0,3;3;24;14;47;60;885;367;8,4;6,6;1,8;7,6;66,4;24,2;0,6
PET_30;1873;IND;PET0589-0598;Helianthus petiolaris subsp. petiolaris;30;17. Oct 15;United States;Oklahoma;Woodward;Roadside on Interstate 15, W of Woodward;660;36,40753;-99,55589;Grassland on roadcut and sandy ridge, with deep, sandy soil;Yucca, Artemisia, Salsola, Conyza, and Juniperus.;Abundant. Annual herb, up to 1.8 m tall.;1.000;14,3;27,4;0,9;26,6;614;379;39,6;72,3;132;3835;2314;994;236;104;295;191;-27,8;44;1271;658;55;1,1;17;74;6;304;135;2634;33;8;15,2;5,1;7,4;86,6;0,9;0,2
PET_31;1874;IND;PET0599-0608;Helianthus petiolaris subsp. petiolaris;37;18. Oct 15;United States;Texas;Gray;Alanreed area, roadside on Farm to Market Road 291, near intersection with CC Road;900;35,19473;-100,72366;Grassland on flat, W-facing roadcut, and roadside ditch, with deep, sandy soil;Yucca and Andropogon.;Abundant. Annual herb, up to 1.5 m tall.;500;14,8;26,9;2,6;24,3;547;361;45,4;74,5;89;3914;2088;955;248;103;298;195;-25,8;42,8;1327;780;54;0,6;11;24;5;110;61;1629;19;8;9;3,1;5,6;90,4;0,9;0,1
PET_32;1922;IND;PET0609-0617, PET0800;Helianthus petiolaris subsp. fallax;30;05. Nov 15;United States;Arizona;Santa Cruz;Ophir Gluch, roadside on unnamed road, just N of intersection with E Fish Canyon Road, W of Arizona State Route 83, NW of Sonoita;1475;31,74298;-110,68913;Grassland and savanna on flat and banks of dry wash, with deep soil derived from volcanic parent material;Quercus.;Abundant. Annual herb, up to 2.0 m tall.;1.000;15,5;24,5;6,8;17,7;518;291;49,2;84,3;35;3880;1672;732;294;99;315;216;-19,1;39,7;1459;941;52;0,5;20;55;0;115;99;1175;23;7,3;7,1;4,2;11,6;82,8;1,4;0,1
PET_33;1923;IND;PET0618-0627;Helianthus petiolaris subsp. fallax;27;06. Nov 15;United States;Arizona;Cochise;Huachuca Mountains foothills, roadside on Arizona State Route 92, just N of intersection with East Mandan Drive;1440;31,47593;-110,25758;Grassland on gentle, E-facing slope and roadside ditch, with rocky soil derived from volcanic parent material;Salsola, Prosopis, and Baccharis.;Abundant. Annual herb, up to 2.0 m tall.;10.000;16,4;25,2;7,7;17,5;405;245;65;102,8;27;4191;1476;867;314;83;322;239;-16,3;40,4;1461;1057;55;1,6;32;82;0;323;94;2308;20;8,1;13,2;6,3;5,9;87,1;0,7;0,2
PET_34;1925;IND;PET0628-0637;Helianthus petiolaris subsp. fallax;29;06. Nov 15;United States;Arizona;Cochise;Palominas, E side of San Pedro River Valley, roadside Arizona State Route 92;1315;31,38092;-110,06893;Grassland on flat and roadside, with deep soil derived from volcanic parent material;Prosopis, Amaranthus, Salsola, and Sorghum.;Abundant. Annual herb, up to 2.0 m tall.;200;16,9;26;8;18,1;347;215;77,5;120,9;25;4371;1405;979;315;82;322;240;-16,3;41,3;1499;1152;54;1,3;32;143;0;322;98;2403;23;8,1;13,8;6;5,9;87,4;0,7;0,2
PET_35;1926;IND;PET0638-0647;Helianthus petiolaris subsp. fallax;30;06. Nov 15;United States;Arizona;Cochise;Apache, roadside on Arizona State Route 80, just S of intersection with Skeleton Canyon Road;1345;31,68887;-109,1337;Grassland on flat and roadside, with deep soil derived from volcanic parent material;Salsola, Prosopis, and Amaranthus.;Abundant. Annual herb, up to 1.5 m tall.;2000;15,7;25,7;6,2;19,5;351;203;73,3;126,7;39;3991;1687;851;273;106;304;198;-22,3;41,2;1565;1215;47;2;47;116;0;451;148;1770;21;7,4;11,3;10,2;10,9;78,1;0,8;0,4
PET_36;1928;IND;PET0648-0657;Helianthus niveus subsp. canescens;33;07. Nov 15;United States;New Mexico;Luna;Florida Mountains, W foothills, roadside on Rock Hound Road, SE of Deming;1300;32,19631;-107,68668;Desert scrub on flat, with deep, sandy soil;Prosopis, Salsola, and Artemisia.;Locally abundant. Annual herb, up to 0.5 m tall.;1.000;15,5;26,6;4,9;21,7;262;159;97,6;166,9;53;3957;1832;923;263;106;301;195;-24,5;41,9;1555;1292;47;0,5;17;126;8;685;249;2642;31;8,6;17,2;10,2;12,1;76,9;0,8;0,2
PET_37;1929;IND;PET0658-0667;Helianthus niveus subsp. canescens;30;07. Nov 15;United States;New Mexico;Luna;Arena area, W of Coyote Hill, Roadside on New Mexico State Road 9;1250;31,8201;-107,38806;Desert scrub on gentle, S-facing slpe and roadcut, with deep, sandy soil;Atriplex, Prosopis, and Yucca.;Locally abundant. Annual herb, up to 0.5 m tall.;10.000;16,6;27,2;6;21,3;254;160;104,6;170,3;39;4307;1593;1075;283;96;306;210;-21,9;42,3;1592;1339;48;0,2;9;87;5;223;113;2007;22;8,8;11,6;4,9;8,1;86,2;0,8;0,1
PET_38;1930;IND;PET0668-0677;Helianthus niveus subsp. canescens;31;07. Nov 15;United States;New Mexico;Doña Ana;Malpais area, SE of Guzmans Lookout Mountain, roadside on County Road A003, just N of international border;1265;31,79005;-107,20421;Desert scrub on gentle, E-facing slope of arroyo, with deep, sandy soil derived from volcanic parent material;Larrea, Prosopis, Yucca, Proboscidea, and Salsola.;Locally abundant. Annual herb, up to 1.0 m tall.;10.000;16,4;27,2;5,7;21,5;254;161;104,3;169,3;42;4257;1633;1057;282;97;306;209;-22,4;42,1;1574;1320;49;0,3;17;55;8;274;115;1200;26;8,4;7,8;9;12,3;77,3;1,4;0,1
PET_39;1931;IND;PET0678-0687;Helianthus niveus subsp. canescens;30;07. Nov 15;United States;New Mexico;Doña Ana;Santa Teresa area, S of Santa Teresa Airport, E of New Mexico State Route 136, just N of Santa Teresa Port of Entry;1265;31,81152;-106,68289;Desert scrub on rolling, semi-stabilized dunes, with deep, sandy soil;Artemisia, Dasylirion, Yucca, and Prosopis.;Locally abundant. Annual herb, up to 3.0 m tall.;1.000;17;27,7;6,1;21,6;239;155;113,2;178,2;37;4448;1527;1150;293;91;310;218;-21;42,3;1572;1333;51;0,1;6;13;5;150;80;750;17;8,2;4,9;7,8;13,6;77,1;1,5;0,1
PET_40;1933;IND;PET0688-0697;Helianthus niveus subsp. canescens;37;08. Nov 15;United States;Texas;El Paso;Anthony, N of La Tuna, roadside on Sandia Drive, just W of U.S. Route 10, immediately S of Texas-New Mexico state line;1200;31,9985;-106,58418;Grassland on flat, with sandy soil derived from granite;Yucca, Larrea, Prosopis, and Salsola.;Infrequent. Annual herb, up to 1.0 m tall.;100;17,1;27,8;6,2;21,6;215;143;126,4;194,1;36;4493;1509;1179;291;92;308;217;-21,2;42,7;1584;1370;50;0,3;4;48;13;349;140;2238;28;8,6;13,4;6,7;8,7;83,7;0,9;0,2
PET_41;1934;IND;PET0698-0707;Helianthus niveus subsp. canescens;29;09. Nov 15;United States;New Mexico;Doña Ana;Aden Hills, roadside on CR B005, S of U.S. Route 10;1345;32,24206;-107,06309;Desert scrub on flat, with deep soil derived from sand;Prosopis, Salsola, and Yucca.;Locally abundant. Annual herb, up to 1.0 m tall.;500;15,5;26,4;4,8;21,7;252;161;101,2;164,6;54;3955;1837;923;266;103;301;198;-24,4;41,9;1528;1276;48;0,2;3;11;4;126;111;2002;26;8,5;11,4;2,8;8,1;88,1;1;0,1
PET_42;1935;IND;PET0708-0717;Helianthus niveus subsp. canescens;30;09. Nov 15;United States;New Mexico;Doña Ana;Las Cruces Airport area, roadside on U.S. Route 10 Frontage Road, E of exit 127 off of U.S. Route 10;1350;32,26828;-106,95863;Desert scrub on roadside and roadcut (surrounding terrain rolling, semi-stable dunes), with deep, sandy soil;Yucca, Prosopis, and Salsola.;Locally abundant. Annual herb, up to 0.5 m tall.;500;15,8;26,5;5,1;21,4;254;162;101,6;164,3;50;4040;1771;956;276;99;304;204;-23,1;41,9;1513;1259;50;0,3;16;50;11;222;114;1636;20;7,9;9,8;5,8;9,7;83,6;0,9;0,3
PET_43;1937;IND;PET0718-0727;Helianthus petiolaris subsp. fallax;30;09. Nov 15;United States;New Mexico;Doña Ana;Organ Mountains, San Augustin Pass area, NE of Baylor Peak, roadside on Aguirre Springs Road, S of intersection with U.S. Route 70;1615;32,42618;-106,54787;Grassland on gentle, E-facing slope and roadside ditch, with rocky soil derived from granite parent material;Dasylirion, Salsola, and Prosopis.;Abundant. Annual herb, up to 1.5 m tall.;10.000;15,7;25,4;5,6;19,8;361;217;71,3;117,3;44;3998;1717;877;306;84;316;232;-18,5;40,6;1371;1011;58;0,9;41;126;0;206;158;2939;23;7;16,6;3,2;7,9;88,3;0,6;1,4
PET_44;1939;IND;PET0728-0737;Helianthus niveus subsp. canescens;30;10. Nov 15;United States;Texas;Hudspeth;Rio Grande River valley, SE of Esperanza, roadside on Esperanza Road;1070;31,15031;-105,68665;Grassland and desert scrub on flat and arroyo sides, with deep, sandy soil;Prosopis, Artemisia, Solanum, and Salsola.;Locally abundant. Annual herb, up to 1.5 m tall.;1.000;16,9;27,6;6,1;21,5;261;181;103,3;152,2;38;4430;1547;1183;271;97;300;203;-24;42,4;1687;1426;45;0,1;5;37;4;145;77;1964;43;8,5;11;3,4;5,8;89,1;1,7;0,2
PET_45;1940;IND;PET0738-0747;Helianthus niveus subsp. canescens;30;10. Nov 15;United States;Texas;Culberson;Plateau area, roadside on U.S. Route 10, E of Van Horn;1210;31,05622;-104,57134;Grassland on sandy hills with deep, sandy soil;Yucca, Prosopis, and Atriplex.;Locally abundant. Annual herb, up to 1.5 m tall.;100;16,6;26,3;6;20,3;296;214;89,9;122,8;37;4316;1548;1080;283;93;306;213;-22,3;42,8;1585;1288;49;0,2;15;28;7;113;60;1011;18;8,3;5,9;4,9;8,5;85,3;1,3;0,1
PET_46;1943;IND;PET0748-0757;Helianthus petiolaris subsp. fallax;30;10. Nov 15;United States;Texas;Ward;Royalty area, roadside on Texas State Highway 18, N of Royalty and S of Monahans;765;31,43995;-102,87508;Grassland on flat and roadside, with deep, sandy soil derived from limestone parent material;Artemisia and Salsola.;Abundant. Annual herb, up to 1.5 m tall.;1.000;18,3;28,7;6,6;22,1;333;215;85;133,4;30;4895;1334;1453;292;89;310;220;-21,5;45;1629;1297;51;0,8;2;19;5;189;66;2291;22;8,3;12,6;3,8;4,4;91;0,8;0,2
PET_47;1944;IND;PET0758-0767;Helianthus petiolaris subsp. fallax;28;11. Nov 15;United States;Texas;Ward;Monahans Sandhills, NE of Monahans, Willow Draw Campground;840;31,63659;-102,81704;Grassland and herbaceous vegetation on dunes, with deep soil derived from sand;Andropogon and Ericameria.;Abundant. Annual herb, up to 3.5 m tall.;10.000;18;28,3;6,3;22;336;219;83,2;129,1;32;4781;1381;1381;291;90;309;219;-21,7;44,7;1596;1260;51;0,1;7;9;5;65;28;486;19;8,3;2,9;5,7;8;83,5;2,8;0,1
PET_48;1945;IND;PET0768-0777;Helianthus petiolaris subsp. fallax;30;11. Nov 15;United States;Texas;Winkler;Roadside on County Road 306, just E of intersection with Texas State Highway 18;840;31,71853;-103,03201;Grassland on flat, with deep, sandy soil;Quercus, Yucca, Prosopis, and Ericameria.;Abundant. Annual herb, up to 1.5 m tall.;10.000;18;28,3;6,4;21,9;327;218;85,6;130,1;31;4803;1374;1398;290;90;309;219;-21,7;44,9;1603;1275;51;0,7;5;14;8;147;56;1920;21;8,2;10,5;3,6;4,4;91,1;0,9;0,2
PET_49;1946;IND;PET0778-0787;Helianthus petiolaris subsp. fallax;30;11. Nov 15;United States;Texas;Winkler;The Dunes at Kermit, roadside on N Farm to Market Road 874, just SW of intersection with Texas State Highway 115;925;31,95354;-102,97878;Grassland on mobile dune crests, with deep soil derived from sand;Salix, Andropogon, and Yucca.;Abundant. Annual herb, up to 3.0 m tall.;100.000;17,4;27,7;5,9;21,8;336;225;81,6;122,8;36;4596;1469;1274;284;92;307;215;-22,3;44,2;1572;1236;51;0,1;8;10;2;37;28;332;22;7,6;2,1;4,5;11,1;79,8;4,6;0,1
PET_50;1947;IND;PET0788-0797;Helianthus petiolaris subsp. fallax;29;11. Nov 15;United States;Texas;Martin;Patricia area, roadside on Texas State Highway 349, S of Patricia and N of Midland;905;32,50941;-102,04615;Disturbed herbaceous formation on roadside near edge of sorghum field, with deep soil derived from sand;Salsola, Amaranthus, and Sorghum.;Abundant. Annual herb, up to 1.0 m tall.;1.000;16,7;27,1;5,2;21,9;442;293;60,4;92,5;44;4354;1604;1155;276;95;306;211;-22,8;43,7;1489;1046;53;0,1;10;26;6;195;102;1762;33;8;10,3;4,9;8,3;85,4;1,4;0,2
